x,y
-0.1003988039396357,-3.7063703283601113
0.7191504711103485,10.992412256345707
-0.0239429580072217,2.7564947739372267
-0.7150811165736568,-0.4236249747390279
1.6752305026053496,-6.588308141976112
0.3032624163926029,-3.692419345093702
-0.4189187913538218,3.260297618619829
0.4848881035804003,-2.001508734052128
1.5412763189865382,-2.8317317779647846
0.4410007284078273,-2.785078626504471
1.8021613093720448,1.6193735657639352
-1.125849972870258,0.8587907394646431
-0.5695463245191419,2.133704108271093
1.3291536080461146,3.4817364085388016
-1.7635518387272018,-2.242975874535253
-0.8871793950361655,-5.559444922004764
0.3592940842530449,-1.6362101706855576
-0.2164823051801906,3.1670309665813017
0.7133918880397169,-3.792978246937803
-1.765954291290463,-4.939097189569765
-0.3067772965573118,2.789055312071025
-0.2989263999738069,1.4456179071517403
-0.7038810917911675,-0.1596313432800907
1.0946139666207566,2.97704484528814
0.6116685573674849,-8.42679229943712
1.0817865621193272,10.375343200563954
-0.0574120288357993,-7.897257141102099
-0.5878461932588351,6.999436546941954
-1.1038468561394543,1.6455309178441535
0.8520849169071947,0.2116288743728926
1.230212427440804,6.392988735928498
0.0412142994348469,11.02924698236575
0.3308868471423857,-3.1960725628617266
0.6974239634224391,0.4265935285729775
-0.517811295972425,-2.14597270641367
1.8656215445595576,-1.2208228683436713
0.5977925058402084,-0.1947030280347139
0.5904729847064364,2.113523901373256
2.3010134396284254,-4.8969991011386895
-1.469586695547164,2.1482907260487645
-0.0497995109989044,-0.320966836321871
-0.4497970458000498,-1.814465813081932
-0.2748418445651973,-7.864772525118187
0.5040848003724425,6.346962888930659
0.7759073026808904,-0.5436752798806976
0.514169263017221,-3.819395607889446
2.064068479660893,1.8213333045474824
-0.3490212986965789,-2.446669598998395
-1.8096851455972969,-5.6125320196304775
-1.2910360596040986,-0.5552377230552498
1.999881206485946,-3.6558869981039255
-1.2605925659257096,-1.751592752672471
-0.65075677963764,4.426868105721206
-1.4543490258728993,4.505473601074718
-1.2027815644769897,-0.2776948548818712
0.3568262216834458,-3.109906802963507
0.2856935029417365,-1.341137930056299
-0.3368973345996686,7.615072101246
-1.1966862150209427,-4.50539765873751
0.1624004620908723,0.0070187227013585
-1.0937801839822436,5.382349496473604
-0.9740160398675396,-1.8626491632151527
0.6927470636957581,-0.237038187285424
0.345881150257559,-5.297852151213971
-0.9343452462541594,-7.895348379431641
1.966491198816782,2.8109084016106034
0.860558090826408,-3.526796323400623
-2.2352377212513663,6.449045454034873
0.3866493316018103,3.7642954717260353
0.1865140981169435,6.082849623546992
0.1520629950211152,6.916574955328901
-0.0301919549518948,3.8688178521512975
0.5419733857819775,-7.132904206600251
-0.1154413933266398,1.7971445787787212
0.2051291104720746,5.013000405438169
-2.2473699684452053,7.1734433824040575
1.0885193307776475,6.306985949193045
0.666189338894162,4.166393580135296
-2.16794964193603,-0.371945875298314
-0.0768232307220717,-1.457688989419314
1.138506740364528,3.1464367162764697
-0.02188920191691,-4.99861110087267
0.7834640017789408,3.818055695599383
-0.3161821776756678,-3.7731058372455695
2.365801664669036,1.7082330908385168
-0.6267338845733322,2.7772935475875373
-1.8626734735982788,-1.4017341796067797
0.8078471869319139,-3.288511534506752
-1.1761688771977594,3.8248883911066014
0.5950862122624969,-1.6335519698503262
1.2674029222670118,-10.863492172923731
-0.1595620784636419,3.141472993301591
-1.5733182289027248,4.022065444331517
-1.1811015533644442,-5.308047042774891
-0.3859405740874919,3.375764039942029
-0.1194788034120914,2.243732467736922
0.7973166744818934,0.8728366443586666
-0.4633837502655,-2.363823069284066
0.4816991706551577,-10.180476960515955
-0.1506660853619911,3.1730795235755527
-0.1738589023224289,0.4777422277029451
-0.0411530068469909,1.0960539484958978
0.4234704783962449,2.320035180238343
-0.0925034582345346,-1.1117123586508844
0.3364560498745347,1.9907444429154133
-1.127935407185612,2.042332934500781
-2.693818864652436,2.089494016716957
-0.633169497441534,-4.015945587710913
0.6845285527163485,4.314628574089436
0.4365527308705532,-1.972316227141936
-1.3658870273428414,4.446342230123388
0.3404261766545848,0.0207217519072894
0.6261642249026044,0.2024676169313676
-0.8732880591318508,0.9444382418517416
-0.1904567780082911,0.6103507807649519
-0.9128389055503736,-8.238140892259535
-0.3114798817833831,-2.278613395356244
0.8305342982417114,3.2760300525923123
0.256979317665499,5.5955081741703765
-0.962140099004852,-3.0334696670233945
-0.4669542896939118,-5.709804187220061
0.5270101241344037,0.8812942091908107
-1.125227232622793,4.539762583417045
-1.0172147065467494,-7.557998812562162
0.8725242497007644,-0.3262373024745389
0.2314100481438583,-7.302077012161862
0.2879699196856711,-1.4171171257395778
1.541944305246682,4.737148974507263
0.1497936863235061,-0.698533620183442
-1.1852293368161702,-2.9216637650596686
-1.0311781281851515,-6.809832739189854
-0.2509347939514572,-5.863078018998936
-0.3109345300734783,7.4112875977175054
-0.8391966751432536,2.275691732606923
-1.274419980253504,1.1899730640631223
-0.457973909672104,6.970783647256467
-1.3846655991731842,-5.404205440397522
0.2065828336541071,10.51451455743953
0.4712194503202407,1.197741944466638
-0.0144426870625979,1.2108321390742638
0.0587664933651782,0.8779739442368466
-0.9328078042707184,-9.664843766783582
-1.1610874612114812,-3.5850775924722846
-0.2909091443210254,-3.775794520769384
0.7703494412867093,4.238428224300783
-0.8791010296800063,-0.0181983406508164
-0.0564927720706346,-1.180265360469756
-1.327973478365571,-0.7479127127314157
-0.801412141572869,-0.0039976760272696
-1.7514247685756776,-3.391204800429134
-0.4660330981891176,-5.073834682739581
-0.3289919683297616,2.785847642628726
-0.3133900339870718,-9.637723116524228
0.9687573106503876,1.1288797809648092
-1.4163119264201252,0.5626022116430133
-0.2563696178450923,3.753090012953924
-1.7455747389901048,2.7052657593078617
0.5083135085451235,6.231054045148827
0.5765374392987689,-2.1547240592993133
0.1218269021722346,2.411822661145486
-0.0877121486417793,1.2441040061932098
0.54421207576036,-2.876326439059416
-0.4070323805699993,-4.244801041349407
0.8340475485839559,-7.446067398396674
0.1124456537448834,-1.6905093427876745
-0.0586465333830991,2.289758340115412
-0.1481498418602948,-9.350439384368906
-0.2476472620407644,-1.4057475620738444
-1.0117041865439158,-12.985059851539084
0.1389886407921872,3.351265710004093
-1.4283775588366994,10.95522977361576
0.7245263376489353,-5.022990762434351
-0.0087386187643906,-4.927174592047443
0.965883254714747,-1.3891382511534651
0.2074823620941591,-7.688462760543255
1.938028083213292,1.7633445009016775
-0.0701605289282497,7.929401077383588
0.2200077303625491,-2.627766752285715
-0.1295376287887332,5.525529012088955
0.6632612990049493,-2.930834007074952
-0.5145701046163689,-3.2241188916133936
-1.2484973699166233,1.8705136534273203
0.626346237548933,0.0804010415652339
-0.1892365779269792,1.3981093174300592
-1.3522359498681416,-0.1455265637197712
-0.3035634769962366,1.361127996456021
-0.8479934652347043,5.028159161503018
-0.7712882181217721,0.1279491855905843
0.5032652483544374,3.830741104358588
0.4522894935864927,4.940584234692315
-0.5417577550169932,-6.012946909157189
-0.136872789756813,3.8404279897483753
0.4254947586550954,8.645175053001012
0.4682610714936174,0.0114713379212421
0.5784944936243651,0.7032150898879154
0.6315159133320964,0.071880560259263
0.1947207543891135,-5.418793723901976
1.2301055734195523,-1.7289169362721013
0.1237074554825924,4.585250818780136
2.2711954292209544,1.576191938308064
0.5230384702595512,-5.67792613307805
1.1324002348038658,-2.0181760561881354
1.4091999787019975,11.253908297127486
2.9823513954343777,-0.7352546709189975
0.5806308499468801,0.5352365887475868
0.5641842370288713,-7.697735557515181
0.4967617850765291,-0.872541122303756
1.3999389685805326,-4.282615354813129
-0.1516941222487785,1.5515735031880238
1.3389345926006273,2.158801652555406
-1.933112547750058,-0.2214464573168797
-2.993526733474243,2.9664259785096183
0.771669151891798,-1.8623964482798656
1.9117169551544573,4.388536078283317
0.3084899717663014,-1.132114388587334
1.240643979343907,-2.452101173806837
-0.431714030487474,-5.791077461869891
-0.6389735102185918,4.187879188032041
-0.3186674523463259,1.8051436044164804
-0.52435010027126,-1.8147844105813973
0.0563876009619419,-4.420557460643922
-0.3856347384876323,-5.098798099208075
1.2990794798550676,0.9977132056368958
0.1813671618189151,-1.98629595124636
-0.277029680472556,2.8931968786196696
0.5621956315927947,3.080175751012821
1.1363910921229887,-3.9132477911697694
0.8786051745473978,-2.216254966643941
0.5959713496764699,-7.174799203232952
-1.117625110660862,3.408035799501428
0.799278608904167,1.7925872039440849
-1.6306951876797255,0.8573653552612394
-1.3616356922255273,9.031795506253316
-2.711170077502729,4.583031756714274
-0.5986616728836944,-1.3738549361984578
-0.6899316108516523,2.040842734993064
-1.0309042220798266,-8.76094135862056
1.0173559999780943,-6.56715734149452
0.9362095726987693,0.0262607334786021
1.1749058889472437,3.265576186283327
0.27722778807028,-8.002100561304056
0.7508328360043897,-2.160310118909658
1.4595020375955088,5.178623708460536
-0.023762008370349,-7.894569911140125
0.2166624162330731,3.5218415484194594
-0.4119248462466374,-4.684200718580373
0.5622662114141871,1.966328345630009
-0.9947132966434656,1.1265937718581722
-0.9635107279721992,11.50373296448967
-1.6003305708836018,3.30969752056846
1.5627871112304044,-4.123663610552461
0.0551238276846817,-2.13028289126329
-0.6259310309647287,-6.564262061016748
-0.2164502231653115,-0.3398156067932987
-0.9649598140286014,-4.737975410140064
1.4398747754458474,-1.1722147481312508
-0.8830380039391859,3.561497545933905
1.3543715789429471,-15.326584193650396
-0.464082125977726,2.4486966091664755
-1.5362916525175574,1.9691210772224088
0.4671482592224972,-6.215063172216576
-0.0585972322318114,-6.433559971712869
-0.7260791534701747,3.440691497355093
-1.5430621028186398,2.7842778934587766
1.7965891278270576,-2.240534860750916
1.939188371473696,1.5906154957786136
0.3677977071217433,2.949792648176118
0.4337430662493425,4.552304976744155
0.7837186713401836,-5.469694461884976
-2.024281526649224,-6.804429177979087
-1.0152955297885138,1.8462825284449995
-1.513685180180123,4.052303329696246
0.5552208540546,-3.1583671835829628
-0.5599647415818768,4.251493975146641
-1.214347406051975,-1.1597166786159496
0.3074236335737649,7.089397674363654
0.7066698502890474,3.8928291492827527
-0.3401325704075291,-1.9854950406477123
-0.134411314901265,0.7105704546856809
-0.7475147159551644,-5.048926208579472
0.3608705191062749,1.2586129530384953
0.5778555705652185,0.9531022986528678
-1.1959937746707343,1.4832309728408548
-0.6630737949408002,4.085925360805971
1.5645487136520575,-7.230687760210037
0.5629141839448125,-8.529551147855727
-0.0202640862349374,-1.946061493802029
1.5487511494148165,6.226277193197689
0.667012539745235,2.579356849067494
-0.868224021275912,4.132895267196346
0.3634349845129944,0.1133679364440997
1.4987792157898745,-2.802446184682108
0.247012018538373,-12.694700385220765
-0.9009266168744832,8.76280838210949
-0.1003129959931484,4.194949821062656
-0.2341386638966866,0.5973638350774869
0.0998755514754478,0.5526519196412423
-0.3127948739734725,-7.594603472218772
-0.074491656568212,1.4810293620771138
0.5031194995576062,-6.017682819602402
1.8250986094413368,-1.072903782656677
-0.2440287069543783,5.593219099329404
1.950056620585192,3.178060040016655
-0.9481960438751702,-1.469186687223757
0.9944134629996088,1.7146031581170882
-0.3659412234098471,-3.1990202729428217
0.6078798603925173,-3.4962477472171387
-1.1237213592478246,-11.496354400930446
-0.0501493821429814,-4.563838098376452
1.0946140491809568,-7.012288841592459
-2.2119133309978163,3.821795062315927
-1.2087085916943745,-0.5171183738787763
0.939112726743528,5.3663284838393865
1.8721110470648648,7.541170329450911
-0.7012704320842646,-6.094781546909374
0.3723457290397794,0.2866425813767946
-0.5810099830681361,3.0364586811563603
-0.173616037289307,-4.626892091687939
-0.265533061839961,1.966947242401164
-0.0811138068493735,-1.5988218813201671
0.6760264005150375,-2.5850939570138296
-1.1312076410570495,-5.481904643678171
-2.119821407597501,-7.708923084848656
-1.1118525680644946,3.4121992215614285
0.5486353631891169,-2.752143965040028
1.192730148134772,0.1805109570586074
0.4832899029220077,1.023079816478164
-0.2094330050139038,-6.440163501488954
0.3134963654066087,-4.720073309393245
0.9627448729443482,-3.320908615207437
-1.3808953681062557,6.195266820735565
-0.9227652528440448,-4.167455437569596
0.2535000819484386,1.7339687095324323
0.5662385780350775,2.519755250988002
0.7257039530739281,1.4606735447465409
-1.2327966473551577,-3.850167154047511
-0.846978179890556,0.3860447611802946
-0.7488346135064107,-1.598221697693526
-0.2984810460630021,5.717646404404054
0.0801526937654635,-1.983633014100317
3.341410380214943,-6.33122463347756
-0.1875798904185172,2.537943624638821
-0.1666603109134226,-3.855428580221453
-1.0917886084356092,-1.2013390805207882
1.0787645527764125,-0.2522977607042545
-0.0574184376572971,10.26235721118659
0.9078338793750133,-1.3001723533526464
-0.7074438513951286,-0.4329725080435917
0.2989162503281505,1.581122753355806
-0.1321301546663968,1.876651792340328
-0.9521193413657952,-3.759875582012642
-1.2759067703861775,0.1604028387384793
-0.0287766885179015,-1.63634342829535
2.2399151330852995,4.720469763991609
0.143508606828476,-2.432901485852607
-0.4298688888152951,3.3230477267845315
1.1631684143920316,5.737325432666578
-1.512580105283529,-1.151794680785002
-1.4865451486145318,0.4873746351640206
-0.0521650169219106,-1.3790279365469913
1.639929055353717,-6.200738672080208
-0.9577448747249552,-1.888979875069623
0.0371205065393595,0.4825045513944466
-0.9228678887389892,1.195946747101584
-0.8892499322268774,6.554029923446088
-0.8896100502177516,0.6900902074984023
1.2481095760257532,-1.4313528762406038
-0.4757433253708018,-11.212207070301242
0.7191823792906449,-2.050422894586768
0.847873422248423,2.960464738239455
0.5027008985052822,-2.610146828454863
0.9608913811047156,-2.0547530992608025
1.3288736309279046,-3.5396441709505746
-1.2038290979607191,1.7776608158673064
-0.3503537293774253,-1.1949043602156817
1.4664465014071988,-1.4855905857269092
1.1548589483619236,0.982448089603451
0.0217935519501854,3.734768886672848
1.313587171262804,-5.557309800012176
1.0696418283748714,-2.5124862256391145
2.2943775311084225,-1.1687998690165655
0.8085687763739765,0.1346714743241187
0.6724067249704953,-5.025298127220234
0.102910365455047,4.731788049867289
-0.7859707424982358,0.9586340504088376
-1.0804257870528964,0.9261180831672085
0.6053652705303587,-10.19332836447268
-0.3132911387510794,-1.0011935503292784
-1.3188873212215733,2.6264375846184143
-1.7502633595567083,-4.593644597198656
1.3518219450019793,12.21875954418188
0.4151694696614585,0.5427322196016775
-1.4835367908285362,-0.3335730606069638
0.3172109823399325,-1.739415868618734
1.2016213481562352,-0.7740724001325934
-0.5604925142197655,4.407117699314413
0.1041985008628532,6.81008263510424
-1.2522865337664453,-2.4696055502087075
1.180696958225436,-3.336596518377203
0.7370395246510885,2.2459968688144807
-1.0325025747751286,-6.323744208315841
0.7136161832962197,-9.9238060365138
0.4560875197528888,0.0607220943428135
-1.0935915411621115,0.0585372192485594
-0.3981784362363547,1.5372989351886637
1.6742694457562546,-2.79717922101702
1.860031231329716,-5.100316528487923
-1.8492550013457376,-5.93604528536326
0.7302149985254678,-3.417884026106764
0.6935157598588526,5.616422021565791
1.0858524373100007,-4.94548056800536
0.6241713125419782,2.7414961140989296
0.3893282085201452,-1.363415194840897
-0.8968602214873567,3.5738615337736137
-2.9243804781432963,1.6468206763923037
-0.0026536236755926,5.386366261172981
0.3426588926058774,3.191729596942116
0.4401936359696036,-0.2534257512405495
1.1692956254221465,-0.7636004410625973
-1.2457851743061623,-7.667675274845368
0.5029930852243296,3.3516025613811937
-0.3386466329279977,3.237354515216845
0.417041545513807,-6.716673739203388
0.8159920239542406,3.657786499757104
-0.5220562457188751,5.098911896561421
0.496038187147187,-5.440419361442369
1.151343347308738,2.9523575849366823
0.5850472605464329,8.33128816583932
-0.6242974722503903,9.35986488330146
-1.4464372230751503,-0.6529493291102091
-1.124591980457955,2.124622829437103
-0.7448873321218028,-6.129924741114692
-0.7017520891352687,6.692883678022619
-1.196560133722693,0.6984822201463154
-0.5853660871254327,6.3976974430318245
0.2084882716835862,-2.359759033844166
-0.5760480693513955,-3.765037565877165
1.0543827097312757,5.073099377907404
-0.832567343663463,-9.128818641556215
-0.1719747063722601,-0.995099690808308
0.3770620855161738,-10.7905396509997
0.2198101366420895,3.686659417515597
0.2211808467944276,6.83361896143804
-0.6054321621484355,-0.2785038846664078
-0.731202639121575,-9.737994011304467
0.6366311875186229,-3.9318307153823695
-2.506946091353332,-0.2060109875841901
0.129463385276475,1.022905014239859
-1.1635659885544138,-1.4911552549839908
0.6658190658174262,-3.024318639836722
-0.8434427082645041,-2.981624323894404
0.3602203940881536,-0.3554396591859799
0.9478020615663316,-4.308212100871378
1.4616601067725516,4.981840229409312
-1.4781099898495975,0.9398256464486152
-1.2263065482908992,-2.813807211585999
-0.5871319734786357,-6.257875787088687
-0.757657681170714,-2.7527937178028465
0.2638252955941597,0.315199911709085
-0.2154027548909216,0.7367143198265079
0.4251576857429276,7.470755772624672
-2.200734531291883,-0.533907030558874
-0.2315007000638349,3.0470753835338016
-1.0598348314602937,-1.088596184825548
0.7621072359103744,3.731967647174761
1.780805683817154,11.760343147837434
0.4707350742433263,-1.171911331580284
-0.1782428700425588,3.6439348308278463
0.061191608036221,-0.4512901958755057
0.1805320910910413,2.715379769151693
-0.763595416750502,-2.647334286315685
1.8552425854742127,-0.4868808134406648
-0.4947164666368733,3.381481014582284
-1.0072276526623147,1.7236191437328643
1.837166986356344,3.1849314200615875
-0.916474636914451,-2.974163068763004
1.21273946486992,-1.925020870821
-1.3557435492409162,-3.51115220938608
-0.1257285476362943,-4.188639848513772
-0.2412549400592454,3.886030558620749
0.8451601903923404,2.5067653762708373
-0.7429367873669549,3.919468799555228
1.1863741872377718,-4.7573262438827335
-1.098910442502596,1.2165280074528215
-2.562924070641178,-5.213696378406811
-0.7194007087396491,-1.2174098050430855
0.7242221962352124,-0.9508380505358744
-0.0177324222660229,5.086934569560329
0.6525852216069958,6.668458541364488
1.3091660762937551,-1.5398530567331252
-1.6552253480342551,-4.418006942627168
-0.3235229784163211,-7.29560260699388
1.0564806543097132,2.9051420015978566
1.43332659457274,-2.963871739560319
0.2531502902268856,0.9220848012063168
1.731121317319016,-7.97811058543354
0.5060996622780132,1.2161644464752828
-0.1260610309587524,3.994742882089885
0.1520732935494297,-0.940907771425638
-0.5176665392165887,-6.14768495686097
0.107477916569161,199.6095717158061
0.0977593945714219,198.4575759318604
3.522076550444144,203.34736831107367
4.479021711582023,198.7893543993875
-4.15885837727825,202.97513754698693
-8.518517233013107,197.2004421104619
-0.3824015831181118,201.4585405912003
-0.0625278440686645,194.62828273960469
-5.1670181442883365,207.6046031571576
1.6205653081494988,202.89255958405025
5.543685732137462,194.4974334151815
5.2138491402918685,193.55609561060336
1.8823030232233835,205.71171269000604
2.7121338761815785,199.6227703207869
-2.467884822549088,195.33643154845325
1.3746121078020443,198.36896459522453
5.188319799583296,195.1342904741285
1.1439339159952109,198.3080062851912
9.255961465536426,197.2006915941459
-0.6837344785511266,197.2731334792657
5.425655581538031,199.07924456187624
4.718981373857573,198.8264041298957
4.180636538024304,197.59677375776832
-5.399187596072518,199.6194091216933
5.264887959012975,195.8524600936545
-1.1666362359941385,197.9541295911107
-3.334099434358784,202.6956379819896
2.2368294386575096,206.92451781994453
-1.0245274612975686,201.52062536213185
0.7883038774197997,197.630856757281
4.745645997501515,201.4573670024863
4.808490916633055,204.4655454956931
0.311101716119414,197.33781285046547
2.782561390007633,198.4213625273987
3.968817687265278,198.21672899923195
-5.594273683286832,204.4503404416268
-3.1015579076114195,199.4475894934293
3.0746614789857576,201.6418158257804
3.0513905230792684,201.3130268268366
-1.1232901692162691,195.04515340766253
4.369003443786219,203.534048534158
6.913288747172285,198.1448066360426
6.165989269111934,198.01667413610235
-4.518170038900754,200.3055473510512
2.549792632592568,194.38826917340555
-3.404040368067858,203.08143814877167
-0.9143362947561848,194.58431946043635
2.1709430376349315,197.6922606057604
13.171570218279912,200.43557574225352
3.265821259033165,197.24676768310712
5.49183799895259,198.265940880062
5.4090407697606775,202.16131113066007
-2.4062638507633665,195.71905211332376
1.992085126440168,195.87131341237583
4.219530107033773,199.2268049823092
2.602606147490829,200.8140460371762
3.095429797234968,199.2341940896001
-0.7049924364084896,194.85532815725549
13.979015385413351,194.6450293795187
8.906458139443105,198.14229378485416
5.507639008855442,201.15070238213275
-0.1193708382934395,196.9573536408451
-2.215691859258162,200.4510277870684
-3.103724591367901,200.5709190900971
-1.1796708372235916,199.4534401688546
-4.802913990316279,194.5183502790705
5.754261396379095,200.19272642923124
2.7544750299921383,202.94432002797143
9.18673262683238,200.85671082724497
-6.718914350888168,200.2131363724808
5.41141257203683,200.1985668594863
5.4424313722142434,196.2410488343056
3.3099829618986765,207.12206284965893
6.817784895075986,200.6543205402821
-0.9726526068765806,198.57296699080143
-5.242545432679969,196.90431709713545
2.6855869239495966,196.368105906808
1.4628622266711138,201.67864585881983
4.501198186823535,199.30045527399903
-2.474018778453148,197.23086573887417
-1.1905776851354417,202.1713158102788
6.713070964157986,200.28958706716483
12.718505911554688,206.1650109408092
0.5867475150914514,198.92133295388345
7.422176049032077,202.89259965770668
-1.0291331483180386,196.2625619427588
0.3725868391313767,199.07995776940024
9.044127124731922,204.3529491517517
1.6733351875908755,201.1051275378462
9.843994494947513,200.69062587731707
4.934916183754014,206.5874176523726
4.413887514801444,192.84978633979784
1.6339580666151976,198.13124329583985
6.134122321023913,195.9786285296455
7.921345540179685,196.3591835367201
-0.0036147549035896,195.6405566501577
-1.3728145398438762,199.0283939486862
6.035475207638186,198.7309472218253
-1.9077198617311764,195.99118471473267
2.5455208744713618,203.20784926816395
-3.300062604697514,197.88786570276503
8.035481927161415,199.8578634223266
1.934763797352895,200.16269984473897
-1.4398618708655726,201.53107438292344
4.761448826443223,196.84259407477165
-4.660317364661877,199.91372208370552
10.03859474094165,202.3814464716272
-3.526235023799253,198.85779609364192
7.219535605046618,204.38786947019548
1.1834094099912886,199.1784331512379
2.2593934798173505,193.5270049679864
-7.252354776403692,200.3974528757617
4.080375352487943,200.77360908124945
1.5503690251440134,195.8983025494015
0.2626144295880923,195.1276116996534
-4.592692593825295,198.6715325102842
2.104353795306582,197.667546246766
6.312898945598988,196.5783363537156
11.483023038154808,196.7612680147
1.395583166594475,197.5258560750374
7.586868806209886,196.40050541319343
1.2941158326847069,201.1864588815582
-5.833071935449942,204.59021666249865
-2.5741190509217224,193.567535518262
-0.691033427674653,195.7081413314088
2.562251671457681,198.62231915648525
10.5920416645971,199.31975444407104
5.816577993632228,198.8970044262112
7.171107231616691,196.7973309018701
-1.4214700891887715,198.85293530006032
3.68224147338784,199.4736412281165
2.042747253207973,201.82954158638387
-4.65477108177637,197.5000307114756
2.776662044401213,198.45660986088413
-2.0110721743340623,201.09178801315747
-0.649458685135484,196.2760279306605
0.5850594910017728,203.4009455589512
-2.900233521567956,200.53723865219905
0.6539212978519446,199.999820647162
7.677937720284532,203.58780350022369
9.541035660824694,202.5312675061413
1.7277085659171485,201.14365339131533
2.190259355585056,201.76904909828028
-3.552403093071999,197.2202790886794
-0.4348250276377414,198.56454533108607
9.617136777132243,198.7783221692958
1.95229179515744,199.0899484934729
-3.531033593673068,200.6428588703365
-0.7498371172811589,197.5808383059388
7.780455940018186,200.6075909195513
9.557516538894491,196.4093635678988
6.238048860246033,206.52080385426817
1.0354292540130026,199.33763276526807
9.446492564452704,195.65617001230265
-2.4457743562722394,196.07831831758887
0.5596503885544664,195.08150965236297
-4.321330431088858,204.19691675229345
10.715299591618368,197.22552897455185
4.185728557566099,198.6056500680845
3.559798135791364,195.87988182164608
5.643684221509412,199.593957615126
-0.4106769504099192,198.30318737901865
10.026317603933672,198.7887900712181
4.211480788458072,198.69448835706663
1.5236278774391752,200.33324155021407
7.505931229149759,201.6974220981181
-0.2578758803628931,200.468822294122
2.3053237341690385,204.0982689056247
-1.6014479476927286,196.7596177187203
8.223408787709747,196.92326084804807
0.6539966225432456,201.308335086178
-1.2080795628445302,203.73980648867587
7.865890173766906,196.40074394677444
5.59606108384593,201.23593542278368
2.5109797932818925,200.6875087319464
2.1323372618933663,198.6607420955989
1.846589023318284,201.58021190874487
6.07448765342835,202.6573638364396
6.229007134172718,198.62625948501824
4.558865271540035,197.15733643869743
-1.57974574032284,199.38251295710265
-1.978791820987555,202.3367559367476
-0.0134004511765946,202.3273105350798
1.7827871732881009,202.82201729774707
2.631531572103051,200.1248405011445
6.211209031913351,199.3618372611044
-1.5668797398684702,198.55874489012868
-3.120358473840387,192.8353416385968
-1.640053183533773,202.67235303235725
-2.1419650181978582,196.98369563981703
0.9426633330420602,199.1758168250801
3.0133485838230207,199.22001366619432
7.736957173438932,200.54899394550776
0.7165720213703712,205.7206856810856
0.4321107685458523,199.4872450432457
-1.3438870583858349,201.54197865738644
0.7357883292070568,195.9529038618928
1.531908802755,200.11449098511585
-7.524108951841081,200.75185669723027
4.019722782232698,200.5860767117199
3.860807080873847,198.8003538654532
-0.2411826956055147,195.4712550015176
-0.886317128208308,195.091485541592
-4.797443116475558,196.57375993320463
6.515118091984016,203.78766990236613
-1.5393398503401956,204.6120884357172
-2.366754696287561,199.58287388478072
5.77400100983404,205.57834792339776
7.565002222103741,198.92165016969685
5.2384118400586495,196.1536257315753
-1.8550479349418283,198.9019313572255
-4.193994221707607,201.07823832099783
0.1589376061924678,200.3179810627132
-6.070429232247092,195.87021226028543
8.657119380722314,204.9315657810077
2.1333135745478,207.1867594209021
3.769024443814061,199.02699415872647
-1.582833000282216,201.810524765358
-2.557146668282561,199.64817088513925
5.987093827040832,196.4364184456664
-1.6347347004655268,200.57442322996368
7.334077682392958,199.5120146130205
7.982549837404087,199.90062539834693
5.607388697261836,198.92294190883547
6.879452370402637,199.762877083988
3.032555518766194,200.2617319379471
9.652697872025932,204.1403778184153
0.1125245685498927,195.98999013151268
-4.257255336502194,196.7541542284981
1.870177085305248,194.0352422252701
2.2556209404034178,202.61662473215225
9.843403499687,198.15446469229843
9.704572862384437,202.4473235531576
9.015238191124473,198.66541523863404
-0.9480363522451078,201.0621069300068
-0.33394856733051,199.3668859114817
-1.0608064124988363,202.6597427816344
0.7140339752692355,201.8953310495186
4.5500457094570255,201.7363100020695
3.866724965771072,205.7617926956283
9.324875708495975,198.28742738420016
-1.8153006165423704,196.29425689805169
-6.902915909099873,196.43918376620744
13.23888253650356,197.6349458630356
-6.757565846586717,204.61412782367643
1.3528853266459562,201.0877805749296
5.529353473852769,198.8901178567883
0.4873449136656709,203.4545877534601
5.864779836314517,197.50172962665144
-1.3513852078333186,197.6889186412062
0.2094304760894723,207.7546086811875
2.5139801423743604,200.6927078322808
3.597573038297403,200.02237971421988
6.218431632638438,197.59000171991008
-0.3501151211077387,202.7155066096344
0.6111121543688385,197.601969537274
-5.053399671572834,198.4465361671297
-0.6811643078649436,199.6649532313422
-0.8929290924694993,196.0485113931728
-2.27151909241619,198.37841843549427
1.6254787000403406,200.68852101549683
3.277419626106944,199.8194925647117
0.7793485306377363,201.4033584572924
-4.487830372165578,198.24160954641127
8.8481976868622,204.2020910237017
6.150479144182484,196.7945757665495
4.276963449624103,195.21960930802604
8.576012609770334,203.28520273306287
3.2855773531365218,200.88062622682352
2.1901620269742086,196.6526296540389
5.034008042068554,197.6560887145275
11.472007269838056,199.1779027145411
-2.4298779487362223,201.9736360102141
-2.29979968917468,202.7806088908453
-6.653614729106776,199.090049729855
16.223656762441433,204.40424375239624
0.9506929842764708,199.57568646491416
1.296827629583995,199.5235464430093
4.694551509376048,200.0444321905987
3.9699076818581824,203.07638946825543
2.547423110417298,199.882532710736
2.681409430995262,200.57611380966912
-3.3801661040209403,197.113575224932
5.167661315635845,199.0513090457769
-1.816619548189536,198.7480357307817
4.477618911497176,203.757574289666
9.171709021011878,204.46988068868788
9.420056413984137,202.1868612917656
-1.9707917597998268,202.24971807600377
4.207162899230591,199.7190709438892
3.1541104453376168,198.806105746358
-3.4532059389226726,198.01587936336995
6.15059496836833,204.1584780064353
6.386878788425207,200.65494404691003
0.1563869607479868,202.36466247377464
0.2070110703860308,194.61876389626707
-0.6324616861703127,201.1757560484638
1.8395854215568088,199.8501437321003
6.820272135701295,200.543324051478
-2.857167778571424,194.90859145391445
5.776337819665468,199.21444659449432
0.024516058338514,203.09974028668464
5.302248054078457,199.75544456434525
-0.3003038971914891,197.64157881165417
-0.9093082605629,198.9441444879616
0.3773599460950527,201.4137568234796
-2.88200621809761,199.9129430484068
6.5859705636623005,202.12135156521947
-0.8057209584964369,206.5612212597244
-0.5975393474029946,195.6781845256808
0.0333575100702649,192.61042600182407
1.0068417815879451,198.42919182391964
4.8497051894768965,197.77959610585904
1.1862354047542962,201.18935546647413
5.03443079467155,201.041897916746
5.418545656981939,194.40291035654244
-2.0952777565088736,199.59045561043348
3.0370530776053526,197.573977851074
-0.2392180142289057,202.76704132775183
-1.156806280891587,208.67869274782737
-1.9286855726033287,198.39976860307607
11.107021012809026,197.92855844166408
-3.84270306423583,199.41074848096187
8.960858214055529,203.3208579132105
-1.369040999338997,202.7711269941724
-1.4264467868642714,197.41567104633447
10.396946341669404,200.02845771944067
3.920416466251912,198.6703248826995
-0.1835638783634099,200.3634673748717
4.120506636847262,201.5958320168432
5.989220590458955,201.0211240949386
5.233361907880813,196.83062051273893
3.879120754466259,201.87516371216344
3.663005418988106,198.8616920306895
10.12458725404953,198.6281675114313
-1.47291532904373,198.7690419072766
1.5067539392369569,201.57258078124184
6.768331769326456,193.8628554288161
0.3498008389178384,201.12525866253648
-5.888370683958119,203.21340961051428
2.166860188298066,203.4076110409099
-0.8045328227508772,202.59996777402
-3.068450422150214,197.31854486310723
4.800911532664468,203.6601893192974
1.2210347178386465,203.8092444341897
-1.5154614165050613,200.740906710478
10.86279920060012,198.6583684686501
1.072906706297863,200.1915734600108
3.1263857672325432,197.7657887207105
3.490832080835844,199.7224072159937
3.623266387935351,202.89652741348056
-10.829923501612669,204.10727451988623
8.383326691121033,191.6037849836747
1.4724926704321954,199.8793418471278
7.294826474809379,206.3602286024528
2.4238466952824984,204.64357751753087
-4.790312783685444,198.1659211373916
-0.9709691824442396,199.0158963367076
1.4408088339757184,198.9359907982567
5.416382312886956,200.4650243874342
9.633572953943975,201.0903975079235
-4.894089667538761,195.1961445766852
0.0710915142104047,202.8244352800345
3.1262745924045063,202.16829240881904
0.3510244921744416,208.23608063070688
5.449942381359406,198.8286935795723
-3.289169650700344,201.02922345999465
-3.452954189074659,194.39440912634805
4.443528424064915,195.3825799902941
8.190036022142444,204.74283875389648
-1.1062086735964347,201.434649096048
8.468718180283545,196.3584606366583
4.673708567683072,197.3533104823295
5.089494638287514,201.1966619803204
-3.721676601027995,195.661621647213
-0.0281890102392905,202.58341089730507
5.134635446908476,197.47265502671627
1.1583236744014598,199.60799457367264
3.1401011594117367,201.86545976210527
6.5970844613939486,194.99887289716187
-3.761534124889464,203.13114023612604
2.5421793486320143,202.58919548507927
9.309641990233311,195.58092492685665
-5.876256694401964,202.96678970630364
3.3781572220062936,205.1937248793587
2.858373243406419,198.57110730723275
5.044391134933425,195.31315579952408
3.079981487249565,197.02899001402605
1.9235193459899549,197.34058713489185
7.188909292944441,198.3100357101559
1.8733411781355176,200.40588609636825
5.548578396898597,199.3318766002541
7.977693353845577,195.1810421489412
0.574236990862345,201.0987848305671
0.7543506271540972,195.6956366678123
4.515274509512826,200.7403652242948
-1.7455498046032,198.61321120541075
-2.4788360071129167,205.3744508457908
2.822361506233036,200.76362557653704
-1.1262272140145289,196.4945392974513
9.545163580385571,201.7259496737553
-3.7469690892354848,200.3381253979587
7.845567043708603,205.86441987312185
2.2433869578921506,201.73791223431388
5.614427661548577,202.41214086603333
-3.0215914492729485,205.02792911345009
-4.17792611540501,202.34309871377167
3.201273288203504,195.4956744803536
2.1027951351508896,200.54830707696576
4.639981147852705,202.8739177575655
6.560205296333941,200.8787958280016
-0.2389557834050473,199.57129455555773
7.173746304426242,195.63470422027032
0.9198799766491108,200.99732113045303
1.0055875433553203,199.0826922837611
4.923927779949844,203.13259335487257
-2.185807841510675,205.65957062616204
-7.932285558354316,198.77222816892663
2.622087693658704,200.29853132891893
1.7927244327926202,197.8698134082857
5.624930464317641,201.5839590726379
3.132538213652201,203.78125177090809
-2.700067632212821,205.8559559534998
-1.945962903019423,201.9899676168465
1.396009061405115,198.67977508029205
6.126686371556664,200.2782436217676
6.710724864478922,204.33986072219508
4.180762494760907,201.1730203461041
-1.95413307938429,203.429562968404
6.820847701659612,205.3121339393141
-0.5243657487004891,198.70743436207465
1.932407298935584,197.1181178204751
4.191825491581499,199.83655018908465
-2.6007066359092788,207.72837538880648
2.597881801292253,203.1347878253208
-1.4677724608412737,200.84738099107992
-5.133256807453883,199.5906140674191
4.1526844040220166,203.39212080251448
4.206239051333865,198.292690987555
7.226974241729319,201.92275455990912
2.704119838395207,199.7523754657798
3.116851787901606,201.0449940988103
-9.841921171332515,203.9487128728009
3.898017001523926,197.90780143315072
0.5533936032942259,204.0026921901712
0.2838481283639833,204.92776231417628
7.552351769177624,201.53163998835564
3.7587551338247183,198.67534290971005
3.4848460051448784,196.42480904474192
5.493217600473967,202.1897171535378
-1.550704028744641,206.0488088657587
1.5329927868252111,203.1242473667868
2.525498374279306,205.1327547201556
-1.255281731019152,194.182847824082
1.8310708294647529,203.0322452500133
-0.2649357989659626,196.5136070797076
-1.3281389215513544,202.0012802472556
5.745557056098223,199.6808430390356
14.182421782895007,195.4926735564649
4.910913682147358,204.35759749812368
-2.567369339741119,195.85826707188576
1.971894359107468,188.3837099571072
1.1463021802099913,197.22641992946345
8.745991451783464,201.7992655044993
2.632908151065384,200.2389366667668
3.24535923371026,204.98403022527447
5.68631361431885,199.35641300807885
-7.821917694275214,196.9077814817225
-4.732673607944888,199.9492453824324
2.877876728059108,204.6408407237856
6.666841105518502,199.3954307024649
3.1003688431185683,203.70554374353085
-1.705113206479004,195.78332194320348
8.672713123698365,198.51705053174
-3.5246615424051635,201.8605682100058
-4.389528829696067,203.0430041798128
1.7434058887444392,201.6187990627457
7.429063022825962,197.8240615206325
3.174396207493758,205.5291872432828
3.0411239819287914,202.29801479961515
4.544184944991679,199.6775847691877
4.2110330794034265,197.39204726971147
-1.844988558503705,196.77302967008865
3.3540493871255013,196.2622798356654
-1.7277501026974789,202.1041216478308
-1.1495440851575407,193.86083763534864
-6.870994380433347,195.10418051145567
13.820350533295152,205.6974720423476
-1.1535672310882277,193.22971656191257
4.207806554291532,197.6201274560544
3.2942728928339227,199.94494319537168
2.1081218617454733,199.47092108467905
-8.446625305144002,199.2331904472101
-3.4844356901378744,202.74611363915565
-1.3289541141617938,202.1030627769129
-10.072936148276115,195.60506842608348
5.336015371840954,207.57064171413847
0.8951302905110257,196.03735890991896
0.3031492781499205,196.68353499556247
0.9375053868110812,194.07852561137827
-0.1057232272187711,198.68396588795537
-5.908051539116649,197.60512772064416
6.412181961150343,194.662437913484
0.5693595818800663,206.10681491306065
2.5040087099805586,195.5173205923205
6.663976138332336,196.73064890381536
-0.9119926489740292,193.69026658622445
5.3045423337934015,202.34326514686964
0.1673181648075001,201.5086485408815
7.264553415319075,198.5296203801583
-0.735227994035744,201.40117567361088
4.131236239743577,197.61155813191857
7.143847581611145,198.9977907405172
-1.0282980535544497,194.8775602462055
1.2293333340123307,202.36608802116336
-1.3492150395988292,199.97879249175432
2.80989347563841,198.6743411058739
5.261583186405501,198.7629174320498
-2.3595004870189804,198.3146386961729
-1.7875467386281976,195.816612234488
11.698546624804772,197.67366848490883
-1.803522351789538,196.8630088349775
3.24783047171782,199.8444483269315
0.6264342703174035,196.8366658518377
6.1632514035415,199.932129928564
5.127266791836551,198.4818118057088
-2.039433094597136,201.4106618190197
-5.4925283538841,202.16310239906525
1.5241309806826124,204.3290521301667
-2.1786708075024865,200.4034912735966
4.499057782098753,201.37737415339
2.6617506782094225,199.474500799502
3.1974416681220683,195.9903240471244
0.9977488918418632,200.51609816923445
3.3561586815602835,200.4140951397744
-1.5252842472154755,202.71715509691043
4.048595572978688,199.5311524011372
5.699701685558271,198.1432928179329
3.117481927988428,202.0912324069917
14.645946865730537,198.5829960323388
-1.8631869372802263,201.0772611161123
9.430248501805648,204.8782281473829
5.658137468420755,198.194179855039
2.634932557744077,199.24306700093484
-0.0995071508615756,197.4006163772713
-0.080004196231695,202.5971660407308
0.968772660168643,204.944829721034
7.738108622912109,195.0027287825324
-3.1679109551517657,196.04621840792703
-3.147146438090985,200.46350306167344
-2.626643584459087,202.4804620416241
5.577917578283435,203.46370889892145
6.734267329264123,196.24597862993315
13.27265037252631,198.4605226152713
-10.95805389821582,196.97525027648032
2.070906947036269,202.9460698341611
2.030455730772699,196.02507061978665
-5.746971961071038,196.02441681173383
0.7205304716054635,202.0724764967304
2.810877509308128,195.1370363496187
95.69226611684026,105.8934253515889
99.03837584967286,99.33095861445416
99.7156801438765,102.52829249020247
102.07440375834214,102.99914415554912
102.7344087018269,103.46084886992146
102.82218572014712,99.98220408563968
98.3739374222477,98.35912030717525
91.20101783260766,103.36593509000514
100.38834611696625,99.10540083678902
96.69203732601976,99.41849011751206
94.51551305167956,100.4056945067862
108.18780566790667,99.16467841243202
105.10977824064965,96.48047560045444
96.95910296312935,93.20392900848496
102.67945073841206,97.17728579783726
104.36101423733872,101.78149530772006
104.3517731627338,99.39827443087266
100.10630637931617,96.37979326441936
104.7908322372887,102.4428430042836
99.74075453532056,103.11706351044634
97.41045067246806,97.67097027054083
98.43135582924992,102.29378612484686
94.8965546541837,99.39210744037162
102.0268051322128,101.7173301776528
99.45575304270496,98.218672189432
104.5773844549516,99.7892338194933
106.8853537005114,101.4895148235105
94.45682305745312,95.83122790797404
98.55284456764588,103.31727272934047
96.62993243522186,101.95536075848352
101.17220960931732,104.91240590237952
107.20212332580032,101.30829980625435
97.68176876374328,98.9095809185091
106.19614913523996,98.10411153833763
108.80008391874787,102.7860171791199
98.81062262616754,95.99106250914892
103.3644791299868,99.46153185117768
102.23185990495698,102.37117659281805
96.80281391145782,104.24681389468518
97.25780314678792,100.43343728252286
96.44676920572432,100.99005602425008
103.91337484276605,103.2785561665351
99.185767363176,98.50639192776096
94.95253398564886,102.1191257754836
102.17643867235014,100.7536601543817
95.23330647131516,107.12228557644808
104.9094386789696,96.452056727884
99.63322877147029,97.16325862150455
100.94575139180944,103.0562309213704
99.65849539448304,98.72104752821096
99.41209049356222,98.68377502014933
103.9410684692455,97.36420444419942
97.37211096406185,96.73055801167524
97.64192508806724,96.32697407450924
103.50409331760648,91.83692896178088
103.41743288261826,98.67112227677822
96.20184679920408,100.5988503364494
95.64557239535316,97.36700865304172
107.49397314864484,96.94601975154184
98.94191625012628,99.92844679130282
99.7830637806724,98.76226463386466
95.7983633728444,93.45365741335844
105.12038556188534,102.00953479757098
99.97923158530992,100.0497371742536
100.5771441614286,101.39417466879884
98.77004950885517,100.998620640207
97.13902353096604,95.23105524211682
95.75297450125257,95.31875291220234
102.55430387225032,100.85119156972848
97.15309063734888,99.8379923830073
96.79542044501574,99.1347216288928
98.39449625332206,96.17402578147552
99.25708207913034,102.96459005649764
96.57505631631942,100.1362559763248
105.75782471086512,99.85506993918544
105.10050589433328,98.64963335818268
99.3002918648909,96.7754523777274
94.4697545083992,101.89294831941436
102.73074360751242,99.58357306951498
97.53587039623994,98.21264754753008
98.56163341840872,100.24849027331358
103.08987505758245,104.99400003159016
99.14434902943744,101.8624006641752
102.48663668647954,95.7334736572368
100.11654599502864,99.73891044171404
101.33251194544138,106.2748455451546
95.6389080198382,100.30176049730144
96.66264294535226,104.41406463476002
104.09754202444633,99.10133689503292
105.22659051492448,97.53937748673272
96.8567805779256,97.67002000504532
97.31958681049451,101.1684422468562
99.3788276129302,95.66644647174968
90.2366535490686,101.14636612647348
92.57080957228828,106.02104471561344
98.50940772278668,99.33560118797998
103.10035116094348,96.14967457820096
95.13055500183246,101.49149562920152
95.91179026271526,93.1270793802291
101.17961358872788,106.7225851371158
107.2755043158792,99.8577113006642
92.1590864778964,102.92576880427096
102.6072736587668,95.53955585691293
110.34193151702884,103.33822309436756
101.58035844325748,95.46010749934348
108.1060651949144,97.9674922110152
102.90160103364344,96.8559287966536
96.29582834771512,102.5317071415229
102.87586131429023,104.1867157162073
93.79346469645058,100.79211809463722
103.44717357739678,105.42567761090136
99.3160554806158,101.4783218757728
100.82384534922718,95.4786786934266
102.38574536413708,98.08143474104958
101.95808039632348,98.27845163145558
105.62090484027816,100.5045334947992
96.18983432951993,99.54538109480583
93.86367170202642,96.1110892147567
92.0783156461028,103.2111365285071
101.70917924735896,101.31018383954788
100.38560251013368,104.0013123904805
97.66185246775989,101.9703410343762
87.64073599249396,103.22087125108952
101.76193554858378,102.46954665395224
103.00656195951858,102.41126697236857
95.68126645907196,98.38366762466732
98.37257924534131,95.72338091628993
104.17671901088666,101.65181453220212
99.87607458132848,99.2383358001548
103.14560482742328,103.73298554351358
95.19425922186645,100.85092456394696
94.40092419090234,93.2543552776246
101.37723670606846,111.67500282058984
96.35117801773328,96.39628975518056
92.79250106151125,101.436104243408
111.31617007733423,97.18761248080432
101.4735453161013,95.63373067176155
103.16075983043454,99.1299894012738
91.35404833254546,106.2198811892116
99.8396157792179,95.32359383998649
99.3357622780859,95.97479703163394
105.72706838643,105.19834227929094
99.02586631639085,103.06964152708328
102.54480506608282,94.131667104353
93.1298917388158,99.22512815917632
98.25968181186153,102.5415269799228
102.34169383875584,94.79323193603796
93.90195727547564,102.18899972978696
106.61552204550831,97.97675351167622
95.51154245744704,105.17927620432371
96.47425026944114,101.48674694291164
106.94120429616348,100.18227756209096
99.65546695476796,95.91281248256212
97.24177471892258,95.13113034799872
102.3648759736672,101.29176021842028
96.52770229954514,100.53831561908666
93.1505854541409,101.3909866552172
93.32764538460512,97.60494775328743
107.99903589726124,98.7961570172912
101.0885457301353,100.2519790223387
97.7751654175634,101.31984135067889
95.86733212794287,101.07188713788032
93.9780555966996,103.48907520724352
101.86464112196563,99.6749757221815
100.7225965339196,98.43498974403856
90.58939439454838,95.64526729168432
101.83844114933288,97.91558236918377
99.42187525267292,102.20262411580488
104.5696801184775,97.74803731171232
100.60442800827768,101.0390154071189
104.1979961980931,101.8876277930032
107.0702781585207,94.48893245803234
101.7785991629746,96.22166174233664
104.35068771808795,95.3599046699043
100.90720510055696,95.27931814339982
102.65426174403314,101.2005370760038
97.71750537792474,101.01390521418092
98.3594757222732,98.2040797339839
109.56080865532896,100.0384716954986
89.44112486454114,103.98162473171811
104.97320471344128,103.28862043036064
99.58944307272505,100.23797148971713
105.67003568926536,105.20482145688187
94.63984920394118,99.18028510412358
107.11988065082728,103.58620569232116
98.80501493164422,94.24444618892288
96.34778429724558,98.9598370592396
100.3655935371132,102.18871245396856
98.8853232084512,110.56788739608278
96.72720808156848,100.0213621086468
104.16763315706676,100.13815728113546
100.72723402885148,93.6883564796452
95.79778647441006,101.0000111023162
103.54941330084998,97.58175805685474
95.10899529756988,101.35845384327088
97.7144202587674,104.0095067065176
102.39708038725742,101.89312789924531
104.00273065011926,94.76307462896604
102.7685693345466,101.81201285249844
102.4299005790521,101.59751301960354
99.16726378628672,98.65452261609384
101.792536134639,102.72872586083288
106.52739258191713,97.12689668285434
99.32178009080512,102.69584785487048
102.39347659160208,97.26149178832448
105.62267558644832,100.00133168667176
94.32896252907976,100.86630735429776
102.20620219000745,100.76637053805386
101.86490805114455,98.48872561280945
110.19622523328556,100.62222825820994
103.43895257646096,103.75777804425168
99.85952465522628,102.4840096409954
101.35091447856765,105.67415512706285
97.46793708537648,108.55897880584811
92.14375557420264,94.92112262035536
108.16316580408876,100.255797681915
103.4009159408904,99.18028016856891
99.56464867436038,99.73928529121194
101.71671115227664,101.59454967660784
99.85618649069332,104.0814169726583
93.878858624964,99.580872119185
97.76873282101636,98.89483723487596
107.19620510898528,96.46008260377567
94.6023377584202,103.03873280003896
97.55747943524716,93.61525618859264
98.6687920843162,100.40328732778664
94.6438241282228,94.9609059070704
97.37102986982082,94.41256700272952
92.19972469703288,100.84244904191264
101.31086324551444,102.39531482525013
99.42554275277055,101.29256050260464
97.97791719260444,96.03384855065138
106.58262381065072,101.83847002386196
106.20784883880624,99.07182244950808
94.7585424813722,97.13528891231712
102.08803409331264,97.4656528593684
98.07358986367574,96.97057319681736
95.4868985062372,99.08776174695986
94.68385418030276,100.03717785028452
95.71033644265258,99.83256352527636
100.37560237240282,98.3875937833836
94.29715769381966,98.5544065646019
97.3169318866091,98.64528540530006
103.78561343834852,97.02234975599666
104.59024581799802,98.25816950201214
102.295670665833,100.0344364454872
105.0649896511291,99.67317699252168
102.63981894600806,102.78559020886904
96.4716530393282,96.5942337978681
99.9917554012925,96.24828818497063
103.12372015848467,102.24607338588484
96.66042818055809,94.06863002193496
107.42836509768856,98.28410363367074
101.0403212722123,97.63038840433114
106.6293123245038,101.7358155640488
90.68999549502348,97.03155642932217
103.6962848508671,98.28670178275632
106.26295396016452,98.72000735861148
95.82653878821228,99.9001579439007
84.98195371943842,99.92765980407276
102.0629986689914,100.3166427796875
103.72495926614071,98.63182520918936
102.58496786214285,102.43769920693296
109.23764360667953,103.51135930577313
108.42308319658152,99.38808159995412
100.25731627474102,101.64702418493547
97.41971413720186,99.17405394270408
100.10743248227608,95.90052663034857
98.46075834006398,99.37560232257113
100.98130911968585,102.18215830395108
101.59797607077132,101.23468376950188
102.51958638446928,103.48927769388274
102.11024328716186,99.85569667004114
109.65414005034349,99.27812009537357
99.86158081648574,101.9370994419456
110.7067626718418,106.4102871762559
99.13562768646077,103.7141174348872
97.47977482500583,96.009331663959
102.46696426527444,98.01038234005358
99.43098036361611,97.47690641364444
104.61815038917791,100.8078938066256
91.48203680520004,104.67422220867653
90.3041227470235,103.3448079722366
91.77474514857931,100.66349670582984
100.16759075401325,100.2924928054558
108.84379476499286,103.06504838328716
100.32200985695188,99.74975301633886
92.18559723876288,106.44231255751724
105.706859586723,100.9202830194516
96.5775918136649,97.58351778339822
101.62635635335724,98.12763017932842
108.07400925056838,101.61301083060349
100.31466130369294,94.55870870223512
101.05334582856244,101.75013440528392
93.69855591140272,98.36750150257856
93.58981387058527,95.91047444728372
108.75712410341494,103.925523602806
103.17559666465758,96.56890747230436
96.34409440590498,101.99303587319352
101.12663574351572,98.1182675981247
106.1464223426988,101.73298258280391
105.54210324328612,106.92474762118992
98.07368787155644,92.72516730546631
92.2686217721489,98.16827969268842
101.45892343227489,98.40144524315323
98.23736265863036,99.58280009751977
108.87007282654106,97.414183352938
105.90021037487058,99.39391412411176
99.91370400592592,104.86087463107684
102.99673341960784,102.76048526463951
92.18029758440674,104.8497409368681
109.01063401459064,102.95943974414038
99.81941061367584,98.88989303945202
102.43776230935354,101.0919925263794
98.2805268015109,99.4190069858669
106.20886380557464,103.30611955782604
103.49501271717692,97.3922213426737
94.11810838046851,98.1710399732696
98.8476867212206,97.84559426225452
103.56015407977202,103.7738639009304
103.02859277120125,101.13465586983122
102.33069517708672,93.6436802663478
102.45967126192836,100.24938954294932
96.1216839610156,98.390385869751
97.8010061480282,100.67646710235029
107.97838755578812,97.8757526094652
103.39502036109862,99.07049547725605
102.36258240109888,101.227783871385
97.05670542301408,100.29449186196844
95.54505530701066,99.79486305625046
100.70188841322688,93.1448753929614
107.1203664535666,103.72797548476598
96.89528247995436,97.82525575841476
97.55415107588288,104.58644319714467
100.14282578129352,102.94686769611616
99.51479678730962,102.96640541762574
102.69022415816131,97.84029213334844
99.43922472761982,98.9598998928518
100.88301177048402,97.66962294894977
101.7291757125385,102.53655483328724
103.33981842411065,96.75481502720751
104.87543593802636,101.22759173888448
102.42633816492337,101.762278323055
96.85764318722572,98.63395533244368
98.52903461834217,99.89028311267523
103.85306699800906,103.58889317142318
93.81670236719904,100.94611278133632
102.68118037106716,100.13796990707232
110.96975541961994,103.1173829257928
92.16905358765509,98.76039747482216
106.04059905169002,96.55485898952792
95.34771865878454,101.77132098647292
103.0991543474096,96.40000793222632
100.12194963786288,95.49631868311184
101.64665608360478,102.35017787358169
100.56779173679364,102.77640212681764
93.36371936192435,97.06540573004985
101.80256005941348,99.37016927074684
98.3361594303308,100.93686267284886
108.9506870301882,98.82732139621102
