x,y,target
0.691263387221779,2.1373888031068917,1.0
0.1543387072524336,0.40032324722259927,1.0
2.3357756218737142,3.6871114380176104,1.0
1.4418534345329581,3.1617823151660263,1.0
2.2697400597435,0.9325522169424374,1.0
8.866706994895864,12.36022221123542,-1.0
10.4673320454917,9.3965904367525,-1.0
8.888784776930356,10.258181815576947,-1.0
10.155145510643793,10.595246202886296,-1.0
10.916757497679221,10.722278045623836,-1.0
11.046168515849356,10.560389786936293,-1.0
1.1993397567080595,2.4996602216430737,1.0
4.253689346326776,2.6109550863042084,1.0
10.66699632031478,9.934684120465356,-1.0
9.993133618863716,9.202744489656485,-1.0
9.468851712877349,9.822670796065541,-1.0
3.4177265381143243,3.6581431758859018,1.0
3.552463600102542,2.48192376419041,1.0
2.604998077553411,2.0979078470890933,1.0
10.577553445908727,10.528197408657583,-1.0
10.675523954837214,11.603050595842285,-1.0
9.330557548584576,9.009664918079483,-1.0
9.764800868166022,10.636639968227616,-1.0
1.4799807648514687,3.0584203693958343,1.0
1.8951697505254574,3.245862266329139,1.0
10.244023278476801,10.363576847117013,-1.0
10.874244103223855,9.81875701474471,-1.0
11.014093322323395,10.144391602769266,-1.0
2.8359207632750647,2.3230104322513583,1.0
9.679265570719789,9.441478748215207,-1.0
2.1551008915146097,2.7252144034110444,1.0
10.59499672564738,9.64376504118989,-1.0
1.699778417055899,2.1728971009893274,1.0
9.614627305902225,11.068163212202261,-1.0
1.0035229700135306,2.4572602769615512,1.0
2.4121197563041394,2.808565445872617,1.0
1.3998641868945159,2.516793426272556,1.0
10.665564270383431,10.075933546336003,-1.0
11.556071467239725,9.157600553708694,-1.0
9.108807955311303,10.560275411110679,-1.0
9.480568334420653,10.382609986397167,-1.0
10.424151135840408,10.247283055964298,-1.0
9.554224094274725,10.690871968166082,-1.0
3.4062477515849467,1.8493668448364506,1.0
10.381516170795674,9.990117485934896,-1.0
11.574969474314,10.023245147843346,-1.0
2.2005114943102346,2.5181588323503377,1.0
10.000380846307618,9.271375666951814,-1.0
3.2143263495394363,3.3850692557202184,1.0
2.1110832082107507,0.7346275386969003,1.0
11.10228301389131,9.3605815400989,-1.0
1.5943863104223532,2.231921505248909,1.0
1.8108071871893128,1.4856361671367377,1.0
0.24411287668658832,1.8570013171177524,1.0
11.086877317386573,11.954443079183191,-1.0
9.514152838987183,8.561379538811481,-1.0
10.429388762478517,11.911646706734844,-1.0
0.9729934103311941,0.9924302174132138,1.0
2.3442008028733463,1.6264995447382065,1.0
10.563186353306909,10.377832899930123,-1.0
10.499292703419,10.510317170301748,-1.0
9.9924322522893,9.648371064711412,-1.0
4.530126536151929,2.7604701958831335,1.0
2.814365540081039,3.0012348885804574,1.0
8.9265285007369,11.238570041991903,-1.0
7.1982837883631925,10.247092804881047,-1.0
9.44785578723579,10.414365758620784,-1.0
1.9226863907047147,2.2152571370187895,1.0
10.695399415538846,10.991132288918392,-1.0
2.6099765767445597,2.9913800132157147,1.0
0.9083687219051984,2.742737607756044,1.0
10.817661377150532,10.70344273371821,-1.0
9.044243246202532,10.815254837027167,-1.0
1.9732963324316444,1.7699853538175883,1.0
8.783751095510343,8.699569727229454,-1.0
8.434236376048043,8.30570295282428,-1.0
1.4020650472122966,1.750085495008426,1.0
0.519240100876025,2.8014803142354605,1.0
11.35113683008546,8.127099488882234,-1.0
9.507843244811614,10.674453030949476,-1.0
9.96491082270905,8.689232042340489,-1.0
9.77979840084239,9.354294205325903,-1.0
2.2529739232626493,2.168353627517026,1.0
10.823850787271857,9.849431508818014,-1.0
1.9068865914900153,0.7744192986851601,1.0
10.966388200874801,8.92945773378231,-1.0
1.4566287629565793,5.085576525167632,1.0
1.406852139959738,2.0119085035347384,1.0
0.7695640045453327,1.394076313189862,1.0
10.978808589733934,8.805119640304259,-1.0
10.993839246539029,10.406929849853569,-1.0
9.098743742873829,9.655647042500393,-1.0
11.152184514458249,11.130888129468685,-1.0
9.621791498108573,9.815325953561873,-1.0
10.14453681782583,9.203567280149315,-1.0
2.881515312192312,0.39848005140550713,1.0
3.5448857144805244,1.8848638631742411,1.0
2.035383938018908,2.8304495361395925,1.0
1.0145835467801498,0.11101396088686499,1.0
9.62395698976902,12.313785837138127,-1.0
3.0368322642740626,2.1729677267893486,1.0
10.285034532068376,9.887010809848947,-1.0
3.100474147447237,2.813742389055227,1.0
1.2479892703700353,-0.4477942926065004,1.0
2.5245623093141085,3.658708514651201,1.0
1.9633729326749256,2.3511109364360947,1.0
8.757406356256551,10.413925768882232,-1.0
1.701694960444891,1.0081581884042894,1.0
10.749224330267683,10.082205286751366,-1.0
1.13332372194116,2.1579130090179626,1.0
1.790426268714812,1.648790920315099,1.0
9.384590834300925,10.177137669564036,-1.0
9.871525673265056,11.48265469894313,-1.0
2.6694825715154438,2.0416557388601215,1.0
1.5080784477433136,1.7108072083404418,1.0
0.9742520831615937,0.1925240078655761,1.0
3.392914043675703,3.279154933784053,1.0
9.427842552784272,11.348726637452668,-1.0
9.444348526618423,8.722861066025462,-1.0
2.383476411106811,2.997715011710277,1.0
1.3021200146558023,3.1636757423361743,1.0
11.026563944590276,11.721158414086403,-1.0
2.9750265598402237,1.8627862983281211,1.0
1.2278159179507062,0.0031701284038010424,1.0
1.669648563899661,2.4856724936815113,1.0
3.235334025583044,3.1848087005276797,1.0
2.3910711552567556,1.5750667965316032,1.0
8.984125563347202,10.69728992049909,-1.0
10.103449378073867,10.156309595059753,-1.0
1.0186974562588933,0.9298563072467871,1.0
9.353626939004641,10.811378003505872,-1.0
11.347486634819813,10.252697279072244,-1.0
2.7435265899626837,2.2158707305271714,1.0
0.9924980448846783,1.0622440655679815,1.0
11.411188087092903,9.79136263445584,-1.0
8.722649368107996,12.216016311605248,-1.0
2.345450465206243,3.55110194332825,1.0
10.530236550227588,8.636258762652293,-1.0
3.608215294422965,2.0461763839253653,1.0
11.297427061456176,11.516675175555694,-1.0
10.65512864889989,11.60562700490386,-1.0
9.352521952773762,9.40948581851679,-1.0
-0.1706562089332313,1.053346488886139,1.0
2.145125803837237,2.5530666748517463,1.0
1.4691469390151723,2.6488526129652707,1.0
10.344792787574546,10.520148080717686,-1.0
11.627625029194327,9.94459609269671,-1.0
0.7253519696945689,3.439074199671845,1.0
9.324698037365172,11.106339100653482,-1.0
1.4414157269430674,2.405930220433269,1.0
0.33192350232055334,0.5991212023460393,1.0
10.504332371198753,10.33133506361925,-1.0
8.421575716413928,11.426515669822747,-1.0
9.503719589513858,9.97384865505536,-1.0
3.636786339175534,0.5057404569457622,1.0
10.570729441134898,9.856627993105038,-1.0
9.34983244423952,10.780432887866269,-1.0
3.278240277639834,1.2661245058159252,1.0
0.3515596017238769,2.767655632832189,1.0
1.8380747641914243,2.1624862181703484,1.0
10.55109388987004,9.364718248093356,-1.0
9.807468640828821,11.008393837476435,-1.0
11.996828620449781,10.643796926485305,-1.0
-0.009221019836050282,2.7948830817604233,1.0
9.412672739596982,9.026926298957635,-1.0
10.354038244299305,9.495086071554539,-1.0
1.429392871930608,2.3600917142178184,1.0
10.601114789016968,10.526642897937693,-1.0
10.509706837698296,9.198577959934896,-1.0
2.580166754206,-0.15747229556604792,1.0
10.017986673605312,8.987221168682563,-1.0
3.064760825163429,3.01646148573605,1.0
8.171446228352636,11.188794063234045,-1.0
3.001629285544194,-0.0024399920734432534,1.0
9.952138750251246,7.4743877938415935,-1.0
8.955334460838014,9.613444802547775,-1.0
0.656790061992472,1.0643478583823514,1.0
9.984348725697409,10.962377623168509,-1.0
1.3597217901340688,2.0336133508350556,1.0
11.579308860338932,10.403739210470428,-1.0
2.519487254122943,1.5648990646107104,1.0
10.208681501530997,9.921678310035682,-1.0
10.77431022592643,9.317631058063693,-1.0
9.99176290703316,10.448553589023659,-1.0
9.174557565289973,9.67082676421895,-1.0
2.6388821775495015,-1.6295619284607699,1.0
1.332037097848847,2.296501863167663,1.0
1.9433904316912607,2.701755449448446,1.0
2.901770317756678,2.4015315950017415,1.0
9.00594787314932,12.191206420027688,-1.0
8.875635576386042,9.892834935857302,-1.0
2.718248068122972,2.446797189876757,1.0
9.340370491502602,10.894460212973389,-1.0
1.7669178048722463,2.864764725683245,1.0
1.9507238454890279,-0.00922789237649102,1.0
11.247059288490455,10.514804567859496,-1.0
11.136639784536559,9.955743275722627,-1.0
8.31985428122283,10.847070685503395,-1.0
8.76513011643835,11.49961375488483,-1.0
0.9671449179881051,2.186453940066954,1.0
9.531558051228963,11.535065532292387,-1.0
0.5988059294277885,2.254916525042637,1.0
0.831386842703342,3.4498361048952257,1.0
0.9760586104413613,0.5115895523834397,1.0
2.3768326066985406,1.5784762029174946,1.0
3.2108203824276296,1.7813992042037468,1.0
9.487892208885562,10.292890298408592,-1.0
2.390405944530207,3.0944490641462563,1.0
10.172283950537032,10.76949195084836,-1.0
10.593023146105082,9.760961754136757,-1.0
1.8500412105584896,2.256716688748534,1.0
9.686111923842297,10.941627361638414,-1.0
10.402844323953737,9.752947768629042,-1.0
3.46138752302682,1.827405333647426,1.0
0.6677200771604928,0.8934611874449967,1.0
1.3463311095840438,1.9656916399482567,1.0
10.552651396691557,10.20449778483988,-1.0
2.1655404124463193,2.242776712088044,1.0
9.94757730155071,9.937506174579148,-1.0
9.823727637432523,11.34065325708877,-1.0
3.14400486095842,1.0342677043785367,1.0
2.985781592205712,2.8025532355119505,1.0
0.7025527525564812,2.796376972769273,1.0
10.124902193090639,10.59991709095684,-1.0
9.939377163525087,12.117014709929496,-1.0
10.474228757535785,9.299832737203864,-1.0
8.237242783340383,9.65857261875794,-1.0
9.542177251845976,12.430903360838538,-1.0
-0.48630940373779996,1.30776165843936,1.0
2.158023900939268,0.29896944672936754,1.0
1.9113634030687177,2.475710899937771,1.0
0.705615453142894,3.014636922544737,1.0
9.155160804238244,9.253858880030675,-1.0
7.659610057503933,8.936547113100046,-1.0
3.251262573732139,3.4175193782811526,1.0
10.25628631889927,9.158795010752973,-1.0
9.766716438537694,10.36207189269091,-1.0
3.3316138423787187,2.8440111405472415,1.0
2.556940401539233,2.701738497323081,1.0
8.396974621956138,9.593220651502682,-1.0
11.465915220544295,11.014623374919486,-1.0
9.73214704581568,7.508895078006599,-1.0
1.5787758223491941,2.8741636590814763,1.0
9.481494193804568,9.478797939819747,-1.0
1.7872527415973336,4.057627378130393,1.0
2.816942315188257,2.3107969409034617,1.0
2.782879618536359,3.989698144544292,1.0
9.643638752952725,10.54900265961601,-1.0
2.3960720999498624,1.3830833413436654,1.0
4.888577074351641,1.5973899805550462,1.0
1.5590631140494073,1.5462173932633523,1.0
0.5008911339564326,1.5924460538260965,1.0
1.6346039094463996,1.0306776345875897,1.0
1.799130470273369,1.972726384155501,1.0
2.0442412026212495,0.8097639748748786,1.0
10.86140554893409,10.629199252129897,-1.0
2.7483954738507914,1.0327215968707986,1.0
11.527829316871939,10.774190998714666,-1.0
2.7556900086429916,1.391246240591026,1.0
3.855863466333332,2.525925481831064,1.0
9.420636213893568,11.684966458683757,-1.0
1.1251367254294962,2.465402312136114,1.0
9.747261168363579,9.762384549868415,-1.0
2.095873456200506,2.817063648007735,1.0
3.222693309475061,1.3952807109185286,1.0
8.155952657508251,8.591710326673365,-1.0
11.431424239463265,9.204526577404804,-1.0
9.725924386806348,10.648336748992536,-1.0
4.943589333998358,2.9924452785089923,1.0
3.0733225178606025,1.247894768704156,1.0
9.999067057355422,7.5257911809557605,-1.0
1.0059066284081928,3.006896062186371,1.0
10.63946260513758,10.043295609356292,-1.0
9.279068725932865,12.298923278645358,-1.0
2.2749313560293065,3.5641366523146774,1.0
2.1367971679204594,1.821153900891306,1.0
1.2319596247114926,2.3639502826386067,1.0
0.20566790881780372,3.171264466433663,1.0
9.808763133080289,10.853510369070712,-1.0
1.816966763317748,2.5147654313231786,1.0
2.0037912053966207,1.1678698370027845,1.0
9.377445170167928,11.4647358073699,-1.0
9.476632357660629,11.307147622867594,-1.0
4.049419950509266,1.1457031177854862,1.0
10.182818006433338,11.38670654346325,-1.0
2.0137303186603264,0.7480330958393815,1.0
3.9734977789701063,2.6777932408246334,1.0
9.818190936534,11.4932528376139,-1.0
11.523338624200472,11.769646621507466,-1.0
8.517127514865594,9.943459044714992,-1.0
3.4108700369012297,2.1780588846073243,1.0
11.4752719505231,10.547219591569352,-1.0
0.9395596074200099,2.87857435716672,1.0
2.8533236691054684,2.3004281556529422,1.0
11.220992185641334,10.627835975807201,-1.0
2.584261422747753,1.1247432365375425,1.0
8.132526750066734,9.457823673619007,-1.0
1.9714357126152409,2.2377457850641282,1.0
1.5311375375683092,-0.24561602010615813,1.0
0.641256922729291,2.3386023159037057,1.0
4.458301470374947,3.2900308180822515,1.0
8.91899658851176,10.05737767265551,-1.0
10.543455558311235,10.298188035312043,-1.0
1.392199832345408,1.8365179588809593,1.0
10.005666700448828,11.12692193333517,-1.0
1.8575383718615504,2.88077851053636,1.0
2.4010784851801508,2.2811891851906156,1.0
-0.4469855609768034,1.644481057357802,1.0
10.236039008818624,9.882299090782354,-1.0
13.006770671059645,11.177429047062581,-1.0
1.4841741526927674,3.153112236144118,1.0
9.158042641665183,11.138202901433699,-1.0
11.177037388212915,9.836656676309525,-1.0
10.372421080704108,9.356124402317038,-1.0
10.086505503545345,11.028113808674487,-1.0
2.9334052523642256,2.1206519313955297,1.0
0.8463152434023704,3.2481078787078816,1.0
2.9812601015119498,2.429728295908957,1.0
2.0138976252055993,0.7065663862090747,1.0
10.24538754639343,9.517985686844995,-1.0
9.750915411911107,10.111952180293805,-1.0
2.435394604119879,2.5753411982737835,1.0
8.555044917932213,10.541629156826305,-1.0
10.30099049473503,9.059119690714201,-1.0
8.285708493198472,10.032600890456814,-1.0
0.15681474728099287,3.3387220726732645,1.0
0.8150177906529481,1.5619176265175214,1.0
3.630408491151555,2.1648122602806024,1.0
8.165602012107103,11.39565247856482,-1.0
2.3587233046274343,3.3619626805208185,1.0
11.608878082659981,8.892644908450894,-1.0
2.704930050508881,0.270039933058118,1.0
1.4307628848060614,2.9671492872201135,1.0
9.813026293866907,11.827460055570018,-1.0
0.19605813285474105,2.726042181027927,1.0
1.424152970712265,2.804760953225828,1.0
8.742863637066469,8.758342530191634,-1.0
1.716984306563533,1.341128934398712,1.0
10.061196345853313,10.273369115139667,-1.0
9.888231510465236,10.019354787717424,-1.0
12.094761532785572,10.206031294027786,-1.0
3.6657705548463424,2.729475332577188,1.0
3.7587998682594232,3.8065961684939755,1.0
11.089017512615834,9.753129121713867,-1.0
1.4036749401786328,3.2308245303981242,1.0
10.272367367821742,9.659204078833879,-1.0
2.5731110787787537,1.032184224280738,1.0
8.462197135990015,11.059044840900738,-1.0
2.2849339266951554,1.1467821619033765,1.0
9.528891146115665,10.90696035563571,-1.0
10.698150812265286,9.960733029939567,-1.0
9.648049996092997,9.403623225040207,-1.0
9.337816980981858,8.532077740420323,-1.0
0.5182335944265946,2.1095514475970543,1.0
10.770364171964372,12.950019757919977,-1.0
0.7628267597547436,2.22099873759679,1.0
3.2867738522986016,1.3499139123233805,1.0
0.8501514004408468,0.8579906144641234,1.0
2.2956658981673432,2.8393471813944577,1.0
9.5905647311076,10.03053695741077,-1.0
9.392629470660584,10.908493504270128,-1.0
9.06570398404661,10.237253313411925,-1.0
10.780451687105625,9.215918178197956,-1.0
3.4836422643839775,2.3312388945816247,1.0
9.231564378204602,9.854798072216113,-1.0
2.2947213824937185,2.7160621936526863,1.0
2.603403420679426,1.7188163459223533,1.0
10.30729391501757,8.906715228794257,-1.0
2.6441830066718817,1.4987397211511415,1.0
11.849838479870023,10.358947588926865,-1.0
8.785417970808256,8.904126392116797,-1.0
1.0619568401427602,2.0027999213139815,1.0
10.141986512764213,11.002493473474372,-1.0
1.897133531075997,2.2729733454918253,1.0
0.9387773954080467,1.380435875305165,1.0
10.36742082262387,9.863218043092278,-1.0
0.7363771019598966,3.1621542798349953,1.0
10.295145996959382,9.591789691016238,-1.0
0.9285140572631163,1.5764286678666166,1.0
1.5294936321502992,1.5879799634101213,1.0
2.2435134009611692,0.2894641046561217,1.0
1.77406051646531,2.384941671836703,1.0
9.931781808423708,8.848860223831457,-1.0
2.168231559967955,2.965373433185015,1.0
10.456784852741592,8.821380126552503,-1.0
1.8928951270393255,2.6724699910569765,1.0
2.492463372687824,1.626866821943828,1.0
9.799621923419991,9.804008947627018,-1.0
8.862664712649845,10.699440433208116,-1.0
2.0242285152486965,1.817285838864561,1.0
1.2883338123107766,2.3611394639357446,1.0
3.060175279540706,2.752126333261492,1.0
3.015479019788843,1.3091507377803389,1.0
9.293181032253568,10.88329803097686,-1.0
0.38006997036173407,0.012442646180415684,1.0
9.796208762872904,9.680293061156604,-1.0
0.7380886465537793,2.6485897990266793,1.0
1.1589274720484597,2.500932820024234,1.0
10.066475372606345,9.865615239690463,-1.0
9.526327838980073,11.609777033956833,-1.0
1.4544986802996567,1.1651004929147375,1.0
11.625561740229081,9.868910226781523,-1.0
9.355936246070547,10.333561827859823,-1.0
0.5290952014365669,2.2415977289839693,1.0
0.5398409309122087,2.0016605052151557,1.0
11.120540152294682,9.62420596425714,-1.0
10.427179363347118,11.372776617448269,-1.0
9.0325072802217,10.227001253448552,-1.0
2.6726378227739516,2.3082791467097756,1.0
11.436256246311638,10.415445050351881,-1.0
1.948886868083643,2.2691350599911493,1.0
1.9343466167050456,1.5038980019202501,1.0
11.146871346848446,9.1329942257575,-1.0
11.971460761069912,10.175457069210623,-1.0
10.741980913081168,10.075372028840983,-1.0
10.640874761372354,8.707080848511549,-1.0
1.7750019761361298,2.507618412974262,1.0
1.319872193558807,2.2945521721406297,1.0
10.65051796565782,11.974117544192802,-1.0
11.157668633563075,10.260824885005523,-1.0
8.629020446414081,10.375553297300671,-1.0
4.13973664813634,1.8861495060312377,1.0
0.007858245272618802,1.9622982031306833,1.0
0.22207635875002807,3.451270154975357,1.0
2.2328231146451634,1.804313436050898,1.0
3.1112339674249223,2.3834429706670948,1.0
12.45002905383104,9.50901989121795,-1.0
1.409604389808663,1.7593091881960365,1.0
1.679423900245047,1.872682279194628,1.0
2.604270078389052,0.2855305786131148,1.0
8.78932034985489,9.935483970522961,-1.0
1.3026237925778184,1.7053088266910814,1.0
10.674997385699228,10.132507456457263,-1.0
9.716014799395833,10.806487223833427,-1.0
9.969621751376431,8.76696228108037,-1.0
8.113714531896143,9.144692687894166,-1.0
0.2549249322389697,3.8441041873509443,1.0
10.659385135059791,9.573522900678306,-1.0
2.6584563973935493,2.188425407878584,1.0
13.207510600172187,9.567520069060178,-1.0
9.725288548615065,8.756471342525195,-1.0
1.0898437650005022,2.6774422754150455,1.0
2.9777535366452734,3.5747575410253596,1.0
2.9776898446495466,0.9883817332167153,1.0
8.74069477069989,11.679965724620834,-1.0
8.463054983555308,11.230241938203525,-1.0
2.895609968231679,2.2338448675319422,1.0
1.085973559446336,1.6518548153807904,1.0
10.59126704274014,9.276436822701864,-1.0
2.7732567628678804,2.7033669503067475,1.0
9.758306872555904,10.157389988997993,-1.0
10.5475228249714,10.47641950141911,-1.0
2.5456979000387885,1.449856670773058,1.0
10.653123574727168,9.332405235254505,-1.0
8.484116328422461,10.818055878824747,-1.0
9.699470940974846,9.596637145310073,-1.0
11.498104197332099,9.459861852196633,-1.0
9.86904442851517,10.259867722583015,-1.0
1.955092765312441,1.019011839930152,1.0
2.567873633264292,2.6288196650636992,1.0
1.3634298396787043,3.6638458462706343,1.0
10.564695926551549,8.802459271839385,-1.0
9.87152797800614,10.617255420315814,-1.0
1.230575126908751,2.9606671584765194,1.0
2.50340409276589,1.0395442261440742,1.0
12.800291228507112,9.689153899092176,-1.0
3.7608037536921977,-0.6372622012721512,1.0
10.45441779190232,9.943647219255228,-1.0
3.0139342609835382,2.4379977108829958,1.0
0.2166873357457193,0.4276885632357459,1.0
1.362478438908492,1.5458987145132803,1.0
11.122718349166238,11.634154696847059,-1.0
2.6391071810640163,2.3801704484454387,1.0
10.31057658334724,9.116196761914924,-1.0
11.521214662318105,9.625390837916253,-1.0
8.995183173280989,10.133886269585043,-1.0
10.806094212611987,10.061514251122759,-1.0
1.2789098219254835,2.5687551026785114,1.0
12.323228223169641,9.854248858988932,-1.0
1.7969127110340926,1.1835862822327168,1.0
9.42397942218248,10.493480425496623,-1.0
2.2771420507834184,0.8424857478921981,1.0
9.124550118014037,11.067684007478885,-1.0
7.293015764853813,9.186060067426922,-1.0
0.3511233378829852,-0.019252108224577125,1.0
9.200692079257589,10.023682740269162,-1.0
10.896496816857724,11.250526310701188,-1.0
2.3203285219466325,2.0676162501439204,1.0
10.449375214093317,9.311858424371483,-1.0
2.098085623870956,1.615474669668123,1.0
1.6046025473376235,0.7054697211331022,1.0
8.718132036272568,9.871584923418496,-1.0
8.975802937863955,10.89501744338933,-1.0
9.779579594754408,11.100930001288436,-1.0
11.708441621292591,8.721781441974262,-1.0
1.2536824636177313,1.2643985731853893,1.0
11.244844902124598,10.620736689770933,-1.0
10.821399522930985,7.6238347627888725,-1.0
0.5434277479490295,2.8494636050581716,1.0
-0.34194533529675697,2.1181039547657177,1.0
9.073136366745425,10.237943798089685,-1.0
12.134755807562641,11.201679114237884,-1.0
10.314588668784998,9.690098524269992,-1.0
11.733763760201727,11.507772569057881,-1.0
10.411642721327576,9.017874507242345,-1.0
10.301349474807227,10.207146576476633,-1.0
8.601492815859501,10.565447354160296,-1.0
2.890382714193298,2.759151429814495,1.0
0.7334100469773948,0.051430239661294674,1.0
10.889576759164688,10.663090057290013,-1.0
2.305954078601984,2.170449182740552,1.0
1.4854107871117037,3.5478699101293887,1.0
9.720123704188984,10.65219907749492,-1.0
9.493194544265037,10.879337517487306,-1.0
1.8000419237703147,1.5494680044492364,1.0
4.11823631341862,3.351392702151762,1.0
9.749253973285557,10.261895329007238,-1.0
11.408702921168482,10.08078120304059,-1.0
9.249694807650165,10.554922111013163,-1.0
8.479137985492848,11.555102176795119,-1.0
1.5726080403780291,2.8113285703660154,1.0
0.6451791168642349,0.9371842806420145,1.0
8.175244348225538,10.571291240249334,-1.0
1.530819235285276,2.0580537012835283,1.0
11.744805593270058,8.682871614508315,-1.0
1.5584153523728994,2.868876748971537,1.0
9.289062592386385,10.11746226247917,-1.0
1.7644480124667674,1.5251178429060352,1.0
10.030800731409157,10.541180890491438,-1.0
9.598396892116899,10.204411587083664,-1.0
10.08319135856858,9.563217809560447,-1.0
1.1345298376919812,2.2581911680005393,1.0
4.198259109426959,1.069749054178538,1.0
8.510255531888244,8.300218726579958,-1.0
10.372474847692322,10.796498181670072,-1.0
8.63938482846343,10.36186640121172,-1.0
3.250166172995173,3.692075526856497,1.0
1.1476852103678759,1.6083801553445145,1.0
11.53480205539442,9.682160566208866,-1.0
11.193311536956797,10.295722536916085,-1.0
11.030188196221419,10.251546237185462,-1.0
0.08843835271806189,1.9836675740174143,1.0
2.13758879498303,1.2293277291585354,1.0
2.8030981876091188,1.7836031784181,1.0
9.33007451679235,11.356935727572841,-1.0
10.166644495157318,10.278080732508661,-1.0
9.34354465691845,9.745866536503407,-1.0
1.9363878092103017,1.3725498898970443,1.0
9.627034136673023,9.141718775159749,-1.0
10.217282630776557,11.128957118671385,-1.0
10.33245354023879,9.365698375587819,-1.0
10.923008386832324,8.795440009250244,-1.0
0.21343638086181382,1.3432578459011983,1.0
2.7729456279115356,1.2606037676261308,1.0
-0.48482679763575964,0.46269582017421684,1.0
1.8210046966526614,0.5748781942068057,1.0
10.087266425270768,10.376217692089583,-1.0
1.9911553590259732,1.0592881715694638,1.0
2.3994987671079064,0.73294500209573,1.0
2.650781096742297,1.5919499179450876,1.0
3.662931122055846,0.5174073065512319,1.0
2.7750761322278317,2.1372764875489514,1.0
9.608418630293748,9.928711347237629,-1.0
10.524387256657596,8.41575523079964,-1.0
0.37933180141234146,2.7471225974921505,1.0
3.0139928765475066,2.4514929330047766,1.0
1.9796615131405018,1.887103303644946,1.0
8.56474305146042,10.203086558882942,-1.0
9.236566705913015,12.10364989787666,-1.0
3.9293294746483873,3.125824452255718,1.0
9.01195000419225,9.447987096727209,-1.0
9.58670946643098,8.563209303664276,-1.0
-0.04715103265267695,0.7022099339239956,1.0
9.921806883940416,10.92661572186499,-1.0
9.726404451911103,11.233745761836593,-1.0
10.110183728672883,9.775117385298758,-1.0
8.940029195451423,9.67749798591758,-1.0
8.575264555324189,11.430455944153314,-1.0
3.0249413183860483,1.9586919814612247,1.0
0.013795886669025759,3.0954850345590796,1.0
8.09729070037545,10.320352857637303,-1.0
1.4320715860254871,2.866935973787032,1.0
9.428395540508085,10.177907237052393,-1.0
10.687596538741866,10.61548147728385,-1.0
1.6332190452894975,2.875675349757424,1.0
9.66897439254026,11.070871532244063,-1.0
2.139748671725731,2.4387578457628183,1.0
10.101033912252122,10.922546152344452,-1.0
2.215147905164342,2.650442975923667,1.0
10.284605464584093,8.528743892313912,-1.0
10.588885471818788,11.19444479705477,-1.0
2.58473008300122,0.6975884899286013,1.0
12.573675172722332,9.746492742413613,-1.0
10.000874636993826,10.587534504872636,-1.0
3.882033829122824,2.265659893764366,1.0
3.1085913999433488,2.447114489773569,1.0
10.343369889341224,9.875223557027871,-1.0
10.694260893533292,10.207034081925887,-1.0
1.376986322343014,2.2331529260952276,1.0
1.9477291592093815,1.7937832247449972,1.0
1.5673702794870978,1.842930286899956,1.0
11.224310279604092,9.421793784790555,-1.0
10.659905053897848,10.453835043384688,-1.0
0.6252975726967147,2.955652309622346,1.0
9.477934738189292,9.007435705361628,-1.0
10.702180638738437,10.470154721323553,-1.0
9.774350010434075,10.966292680067662,-1.0
10.354582037644509,10.656917537323263,-1.0
9.037673706723709,10.975394746327428,-1.0
0.45674866292969973,1.781499903510744,1.0
1.9020043596897285,2.0966603330253704,1.0
1.293582889163391,2.4874510348809578,1.0
2.5349796718814446,-0.24506533098143457,1.0
10.324531057720206,10.432844284657628,-1.0
9.817357530676082,9.628831430185507,-1.0
2.004653253769868,3.3665452901953676,1.0
9.824255488223391,10.460817622886331,-1.0
8.869140895883746,10.728493369020299,-1.0
9.232661340511081,10.365241964972412,-1.0
-0.5115912536534672,2.4197339655621923,1.0
10.64231816812672,9.561648049242189,-1.0
10.611196695731547,10.068764906689207,-1.0
3.812206763301055,2.468189737672601,1.0
1.1173013851657,0.8292044567503685,1.0
1.9499198877067054,2.2604926459355106,1.0
1.8338994976029799,3.2423182353552527,1.0
10.6502073160843,9.571438117168713,-1.0
2.7147776870932097,2.213649930512501,1.0
9.899354750244756,11.078144026169097,-1.0
11.391203756487684,10.213903827382666,-1.0
10.590210803722107,10.480757669347213,-1.0
2.022910460217464,3.4819475317122635,1.0
9.25948731702767,8.215066791642649,-1.0
3.0622522087541992,2.9615329505013435,1.0
10.12630846434427,12.041729376556328,-1.0
3.440327078863275,3.0745178451594386,1.0
11.605906117196058,9.862420201572554,-1.0
0.5007849871641987,1.5072174987936287,1.0
1.675650933758087,0.7372160725912456,1.0
1.0778565520723893,-1.1960890699082598,1.0
1.7508771646474672,1.0369358875446926,1.0
9.918742371276615,9.030449745038547,-1.0
9.883466202193194,9.82676801621322,-1.0
5.038812626758995,2.830396184279198,1.0
1.395104227058546,1.6540980914926022,1.0
2.166925025323575,0.01996803659333435,1.0
9.517128995033815,7.904302598121237,-1.0
1.7188205030960357,0.9529372693912967,1.0
1.5541303689321833,2.3023091602351093,1.0
2.8196365256236633,2.029122029358119,1.0
2.4480418778028863,2.006558981900429,1.0
2.291459708018638,0.13270608610111978,1.0
10.875166552135868,10.131031312120388,-1.0
2.3578161910172546,3.7932010653271906,1.0
9.966266290009951,11.611114768553602,-1.0
1.5140649482575126,1.3477113122963615,1.0
8.8225999748805,10.79734459651518,-1.0
8.569043002115707,10.189531921205926,-1.0
1.0350685853651247,0.8780155759612804,1.0
1.2651429124349334,1.7374191414270284,1.0
10.067681368138658,10.508656670970122,-1.0
2.6633863521732994,2.724562677113797,1.0
1.139479132056243,0.9779385252835437,1.0
2.1399487796503074,3.0380572911475205,1.0
2.774900610857366,1.3470143164397164,1.0
2.2606441939783046,3.8872670199767563,1.0
8.821937288036002,10.727552501497536,-1.0
10.245167474686989,10.154312006807976,-1.0
0.6799858490260613,2.4295597120656596,1.0
2.381575371841418,0.7993619502868619,1.0
1.4065774392607322,1.3201256104805728,1.0
0.443685369670489,2.134358361952396,1.0
3.475855834520682,2.0671803586661106,1.0
8.262982291786692,8.202244986491221,-1.0
2.399646538430353,1.1350711109499017,1.0
11.204806657686571,11.701510990792842,-1.0
1.2842410994177373,1.1164425654175654,1.0
11.867135807346507,12.203451562670784,-1.0
2.4823453686136525,1.2659831032190896,1.0
9.380481846750007,8.548477173515284,-1.0
4.211241584171978,2.8600653380151444,1.0
2.9131342638715676,3.0921915010513015,1.0
9.63828256389084,10.298476254837224,-1.0
10.203729859838667,8.802588879284329,-1.0
2.154586953756225,3.039225967790708,1.0
2.9088158780321924,2.696189293908191,1.0
0.5897885252750887,2.8037798322049374,1.0
3.049592304241749,1.3418671832029196,1.0
2.891368555997719,3.2038631880956387,1.0
10.10452919943417,8.446813757790688,-1.0
10.209515207004527,9.163848727037331,-1.0
9.036603950960467,11.20171618775446,-1.0
1.7987099122307835,3.210413108064687,1.0
1.1910049575414496,1.3599036361751833,1.0
11.532015308699346,8.860705242646125,-1.0
2.961348563270771,2.121912974430369,1.0
2.325094771017715,3.705174236393408,1.0
2.3737222461982785,0.1791226891007569,1.0
4.082419697394948,1.8074274747433345,1.0
2.4883415239056017,0.7240879503560631,1.0
11.924317619119735,11.03551360148836,-1.0
0.9484118997492244,1.4656920979168824,1.0
8.766549427106067,10.142041826983725,-1.0
10.28482260367722,11.484775237267211,-1.0
2.315837806095147,0.8563015519088131,1.0
2.5330821576964073,1.5988204662894276,1.0
1.1918793330911148,-1.0543690154467602,1.0
10.085793416590818,9.047270869531117,-1.0
2.4321908830161836,0.21581667041054575,1.0
2.69730354943801,2.9102856542287823,1.0
9.134240950016972,10.573842093254315,-1.0
1.4516192347649084,0.9383923791570052,1.0
10.955194850257573,9.981991861090314,-1.0
1.890192019306411,2.483873914312957,1.0
1.4207811342686472,3.29942316134394,1.0
3.1423499823510372,1.190602377871254,1.0
10.083571633407942,7.476428602581998,-1.0
10.67147677979579,7.829035186037137,-1.0
10.96709533477944,10.26683614498086,-1.0
1.9609959782252036,3.716221908427602,1.0
9.610310431096403,9.36760265056603,-1.0
1.1057209820249352,2.2681163248927434,1.0
8.743754333216675,10.439357538298099,-1.0
2.386425540540741,1.239260475924207,1.0
10.248308858964938,8.934591479205071,-1.0
10.10349169897448,8.984236012189509,-1.0
1.0289501449945835,2.707341879777569,1.0
8.716642380963616,9.411884283599043,-1.0
9.416037392632832,11.309066569273398,-1.0
10.543712824953042,10.703165922144743,-1.0
2.4612463755422955,1.7134300639049755,1.0
11.739606875891216,10.48163928988416,-1.0
0.7379292597041935,1.4488024249468352,1.0
3.6029301277733286,3.1801945057790855,1.0
3.0300004805471406,1.79960673798758,1.0
8.229022002860031,9.011498156246235,-1.0
8.887197294498213,9.085214601202203,-1.0
2.1324578109226446,1.2368601842157259,1.0
2.378100148498318,3.4431860098420097,1.0
1.5202560130221618,2.1521099400240247,1.0
2.654517847295567,1.2026910400778905,1.0
2.536863064979464,0.3287606809177046,1.0
1.7382397655603832,1.9992684940337762,1.0
8.556524258551933,10.94274796758119,-1.0
10.399429842569416,8.904060414050152,-1.0
10.283417062252687,10.940126820154436,-1.0
9.701164753522457,8.47974484695975,-1.0
9.507308974413323,9.852535940853995,-1.0
11.029883143042825,10.641229546617748,-1.0
2.150146178485845,4.036370961968539,1.0
11.61883035693112,10.3220239268364,-1.0
2.777709879529296,4.2819803019794085,1.0
12.323245233435753,11.397679971895753,-1.0
9.767982284106315,8.081311264327871,-1.0
10.065422696715176,9.885096728726548,-1.0
1.7614602881012809,1.6347250868672905,1.0
9.049447682673483,11.340065091107071,-1.0
10.100174017316915,10.733223708466824,-1.0
4.170840541767248,2.4612318876121915,1.0
10.791992453373684,9.10333154149743,-1.0
1.6510052802586503,0.9489151722260531,1.0
2.27131056689013,1.3325414132739453,1.0
9.86349102756947,10.297888711298823,-1.0
10.679204107138386,8.957304871569834,-1.0
1.3432173956582316,3.987073622667577,1.0
2.383249809077546,1.0425874724397897,1.0
1.333198400137273,0.9569490298124734,1.0
10.175690947194965,10.81610348155306,-1.0
12.425380097278337,10.960480677342947,-1.0
8.952850152729141,10.28237846135356,-1.0
9.924031156951141,9.55578171364786,-1.0
2.1821854946950756,2.7236388553190647,1.0
1.460595011227317,3.5128349920160944,1.0
1.396271903845978,2.4983456692326973,1.0
9.700899761380905,11.129906196151754,-1.0
1.7069807018819156,1.0393795747124583,1.0
0.7921671664025314,-0.23335814692536916,1.0
2.9943065441521073,1.6033181442214073,1.0
0.37677290246192885,2.73849391072788,1.0
2.721182659734942,2.465570730268484,1.0
9.108071793299322,10.305571358308265,-1.0
1.9549577066048776,3.008280311294428,1.0
10.552281381896519,10.036083743153577,-1.0
0.7119014303337075,2.434236103193594,1.0
10.03508932008617,10.56840108483461,-1.0
11.288811949906684,10.46498092987757,-1.0
1.8008246543090547,0.7767460320188082,1.0
1.2222992848173795,1.5120061650028902,1.0
2.0225612211937123,1.82095322366138,1.0
0.4849792597794269,0.8555573354249939,1.0
8.923507237895869,7.951630147973569,-1.0
3.796408921121472,2.296727149393626,1.0
10.329804478002877,8.809628360287665,-1.0
10.911845138684638,9.13423573487074,-1.0
-0.9862275528729003,2.2253882241187197,1.0
3.720560323434715,-0.008098224602939297,1.0
1.5024277226082399,2.0151091422401035,1.0
10.828871997735256,8.863805442765784,-1.0
1.6849859032741388,1.9160489275926886,1.0
1.171096904419184,1.7918356526794124,1.0
10.242137510661756,10.76237803293249,-1.0
-0.43067883135751783,1.3317465685437893,1.0
7.713742862374927,8.490182281590549,-1.0
1.7064039695239097,1.7091837975321766,1.0
2.4338057333163365,1.4732581832987883,1.0
9.159670033396964,9.86241691451815,-1.0
8.983122070700828,10.832955893086115,-1.0
8.364509259170202,10.388756040840269,-1.0
12.242080865081418,10.147410736754326,-1.0
2.200017142498897,3.1848629300437823,1.0
2.538205226296353,1.285407713399841,1.0
0.40414117651779535,4.3692771782312985,1.0
10.289059105519753,8.856334322361484,-1.0
10.255808239447937,10.300140976769683,-1.0
10.87316147206699,12.081759973057892,-1.0
11.224202327871195,9.878757589429098,-1.0
1.3442920187740195,0.9681468214342239,1.0
10.602539369236032,9.87274481221246,-1.0
11.942125206021156,11.512277951325132,-1.0
2.58075537754353,0.7891279580196022,1.0
10.60319057363587,9.096991340589604,-1.0
9.463124295288454,8.110335440542713,-1.0
10.01123153756308,9.0420341111547,-1.0
2.4201991522479105,1.705564260011312,1.0
10.277362314049784,10.554205103159527,-1.0
2.431707472963468,2.4248290021601573,1.0
10.055029443263908,8.53270863258269,-1.0
10.496101762946095,9.90801839577703,-1.0
2.0889118785261855,0.18357088308750913,1.0
9.314161606641793,9.754655567344772,-1.0
1.7222143516245518,1.9243677643266284,1.0
11.187029789712911,9.875801960382876,-1.0
2.4205686911110864,1.4104430113994788,1.0
2.1528503432316453,2.2267214724968722,1.0
2.37413753999775,3.662385456019187,1.0
0.16580426238643287,2.612067447731044,1.0
0.8153899954295059,2.8276146668068516,1.0
9.69241786370134,9.638287829481282,-1.0
10.020414222117227,9.2824044732522,-1.0
2.16548311331488,1.5339234200522525,1.0
1.4710752923137695,0.6977432095643188,1.0
2.5468298018501736,2.6001414180341493,1.0
10.230327956056918,10.057036676020747,-1.0
2.6049704108916174,1.5063794167847437,1.0
12.097829481813495,9.217102764654948,-1.0
1.8638719920467084,1.5745157807956152,1.0
10.650186161229076,9.768982845250353,-1.0
9.75483441161043,9.919397630244056,-1.0
9.923348369507126,9.618085936463126,-1.0
1.5438046917454111,0.4827132223555597,1.0
9.105676185608033,8.429001672211589,-1.0
10.249098275456873,8.055563003869919,-1.0
-1.2735774906674422,3.5484383876954197,1.0
1.7344954034085505,2.1865500035198098,1.0
1.6104079581385897,1.9779469275375388,1.0
2.559388405092485,2.6978607145792046,1.0
2.8816972549198585,2.7021003714639784,1.0
9.829424400464626,9.318289718472016,-1.0
10.198021719604622,10.07313238851406,-1.0
2.217086346158218,3.6302801727289937,1.0
10.877054745130252,10.512101915802294,-1.0
9.28839123198767,11.063771017169834,-1.0
9.817637156771097,9.397658471234159,-1.0
1.3300317737755187,3.3292743329699777,1.0
4.0720404683497415,1.7168138797992147,1.0
9.957757716869033,11.33690707806157,-1.0
7.715009744052185,11.281439395923526,-1.0
9.722395688683056,11.462329243827993,-1.0
10.947617455070116,9.490720652612948,-1.0
1.9336763512608015,2.227291849704066,1.0
9.353387788305966,12.058246592616115,-1.0
9.4689218835176,9.476780351837684,-1.0
1.7840350016803757,2.1719064020423517,1.0
3.599596122707737,1.535124162506108,1.0
1.7590264682161516,1.8734826033054075,1.0
10.903168825792763,9.73187844526123,-1.0
10.316176920771415,9.328461925851212,-1.0
2.766913602399384,0.7843731888556125,1.0
1.6814858428702408,2.7237901931205144,1.0
10.388892223186465,11.126526954766856,-1.0
3.0150670510821866,3.2489035413293235,1.0
13.00627885001806,9.57053064110913,-1.0
10.197891525408275,8.672669900630272,-1.0
9.41915274974939,10.00609716861392,-1.0
9.992641123035714,11.540251237427634,-1.0
9.993122581107718,9.529922209849351,-1.0
9.480283853464273,11.508135076694382,-1.0
8.356600197688266,11.061126260088844,-1.0
9.807797812970758,9.762658217154398,-1.0
10.63475902952959,12.714610933060206,-1.0
11.184456373022973,9.33285515931671,-1.0
1.7194100976994324,1.3336606454876176,1.0
10.24331273132266,11.850620916866827,-1.0
1.7396432271765696,4.505613260665009,1.0
-0.24458276202265372,3.900362716502997,1.0
9.902962893268727,9.55633500047634,-1.0
11.476047983931227,10.550887273815992,-1.0
10.325532118785178,11.144165688706344,-1.0
10.309100306735752,10.970194548806566,-1.0
2.3774964898303317,2.9816763271717623,1.0
9.787935880642493,10.996315993379561,-1.0
9.793773194050939,9.572978286542202,-1.0
3.5550925662795887,2.644568554760753,1.0
11.624545165251993,9.842474800002993,-1.0
2.8520289190257153,1.6939324645822196,1.0
0.9225739397904418,2.5513150957531376,1.0
1.9351088749573033,2.212640837675792,1.0
10.730246562430281,10.73634088145268,-1.0
8.671996560949639,10.200808304602745,-1.0
11.532598701627954,8.107327689128416,-1.0
10.697157222626146,10.290108631190964,-1.0
1.5591398720354706,2.0145570927321255,1.0
2.245994437281305,3.038668870240972,1.0
1.7587355478124933,3.5399262081681844,1.0
8.585062055603082,10.231893793392173,-1.0
9.50113412616293,11.849701946007684,-1.0
3.0119430618772176,0.42143282741152,1.0
9.397606341094694,10.46211819291116,-1.0
11.54418521500486,10.041698227609409,-1.0
1.6292379019168517,2.0932810224957645,1.0
9.309479358166172,10.28640264235251,-1.0
-1.0034879284164298,3.919395726202719,1.0
1.0534859057077433,1.668858483946237,1.0
1.9929338426957859,1.7482055947685504,1.0
9.5156762303704,8.72912464839492,-1.0
10.82785104944476,9.940684007289692,-1.0
10.690690301755492,10.249531325122296,-1.0
-0.07211312057563513,2.690813915116699,1.0
1.4623446567516014,1.4033423309879558,1.0
9.942511308956579,8.814984006505654,-1.0
8.665915121667366,9.382914293074403,-1.0
2.491719245035318,5.082879139156352,1.0
2.5363040530327385,1.6562373593305755,1.0
10.822425637765248,8.797395968418279,-1.0
8.722378856008255,8.516674443943145,-1.0
1.0133977961897427,2.262916167606957,1.0
11.751053924006818,8.448318984796515,-1.0
7.302990299335979,10.556372083958003,-1.0
2.5142723654438184,1.9319797212085712,1.0
2.2637384640692977,-1.4578225341638222,1.0
1.9808610958661081,2.7157666917401855,1.0
9.722451869865777,10.22363346582096,-1.0
2.674021072506213,1.3517306410071672,1.0
12.434427787250389,9.698239060214197,-1.0
11.630541323366737,9.233708078300827,-1.0
10.950084571350285,9.972639144824841,-1.0
2.0158057990613347,3.259694426322085,1.0
1.5119229610484248,2.6546214772458328,1.0
1.0369805766748983,2.4390346634364253,1.0
10.589549831606337,9.324631009763692,-1.0
1.362400192843895,3.1586486941517227,1.0
9.337926380308247,11.94281866294206,-1.0
1.6403251960205216,1.2406740046766966,1.0
11.492784560053211,10.867996776690577,-1.0
2.2372255941754107,1.1783058786036147,1.0
3.2931589818363443,0.9717473894189987,1.0
4.480885808008994,4.453114455201321,1.0
2.8949236069879616,1.1369625109614425,1.0
3.3475582284241097,1.6883991856039786,1.0
10.827576181382533,9.345311753951403,-1.0
2.336766363604084,1.034390187160718,1.0
10.436867578845293,10.516928834853124,-1.0
10.25562373945715,8.418163255247796,-1.0
0.35948066102243414,1.810670581003648,1.0
0.7928368490397284,2.1685058349015396,1.0
12.041790955521087,9.242751747954845,-1.0
1.888993230776981,0.6846275490942131,1.0
10.40468335046403,7.778586552837485,-1.0
2.9327892710316625,2.781035992663906,1.0
10.04641041768495,9.942945518074252,-1.0
9.642091507753713,10.410748959369007,-1.0
1.1774422429132196,1.014800566658475,1.0
1.744451610706745,4.020152767939637,1.0
2.543987251183526,1.0678440544873906,1.0
9.541221912830318,10.346766678955873,-1.0
3.5719345601899954,3.2970148247051307,1.0
1.5642684230938135,3.1469136220390697,1.0
9.895972918273028,11.123260689215616,-1.0
1.6668183451183025,2.405222790392598,1.0
8.957456580029179,9.997147260780013,-1.0
3.6116020685989265,0.20816905255341656,1.0
2.002903091671527,1.6703365853681575,1.0
2.796938002332019,1.4430324259368155,1.0
0.4301867118743177,2.5382834152615597,1.0
9.220164344554988,9.297363679752944,-1.0
1.5813899444496267,1.730980206347224,1.0
3.1044189692415918,2.4569069343798713,1.0
10.480662030272834,10.236813967904236,-1.0
1.4424113758503232,1.564619401095642,1.0
9.088575362513765,9.902495009979996,-1.0
2.3044498566092253,1.8547110748490847,1.0
10.32316461132734,10.851597312402513,-1.0
10.697590453069138,11.007625147559516,-1.0
2.7183444990555468,1.0838085482303463,1.0
9.259471129118038,11.0543102939516,-1.0
2.5118502001872907,3.3162807872067326,1.0
0.2677562716620845,1.8987156774181733,1.0
9.977500190462765,10.858984919177143,-1.0
10.202882133514354,10.631797768523015,-1.0
9.793388024715535,8.590710116419121,-1.0
